planner,safety,seed,ep,max_vel,eps,reached,collided,min_clr,time_s,max_z,n_hold,dynamics
bspline,off,0,0,2.0,0.05,True,0,2.119,2.1,1.5,0,0
bspline,off,0,1,2.0,0.05,True,1,-0.174,2.1,1.5,0,0
bspline,off,0,2,2.0,0.05,True,1,-0.134,2.1,1.5,0,0
bspline,off,0,3,2.0,0.05,True,0,2.202,2.1,1.5,0,0
bspline,off,0,4,2.0,0.05,True,0,2.202,2.1,1.5,0,0
bspline,off,0,5,2.0,0.05,True,0,0.257,2.1,1.5,0,0
bspline,off,1,0,2.0,0.05,True,0,1.963,2.1,1.5,0,0
bspline,off,1,1,2.0,0.05,True,0,0.038,2.1,1.5,0,0
bspline,off,1,2,2.0,0.05,True,0,2.196,2.1,1.5,0,0
bspline,off,1,3,2.0,0.05,True,1,-0.212,2.1,1.5,0,0
bspline,off,1,4,2.0,0.05,True,0,1.043,2.1,1.5,0,0
bspline,off,1,5,2.0,0.05,True,0,1.453,2.1,1.5,0,0
bspline,off,2,0,2.0,0.05,True,0,1.42,2.1,1.5,0,0
bspline,off,2,1,2.0,0.05,True,0,2.092,2.1,1.5,0,0
bspline,off,2,2,2.0,0.05,True,0,2.202,2.1,1.5,0,0
bspline,off,2,3,2.0,0.05,True,0,0.843,2.1,1.5,0,0
bspline,off,2,4,2.0,0.05,True,0,2.194,2.1,1.5,0,0
bspline,off,2,5,2.0,0.05,True,0,0.031,2.1,1.5,0,0
bspline,off,3,0,2.0,0.05,True,0,1.923,2.1,1.5,0,0
bspline,off,3,1,2.0,0.05,True,0,0.241,2.1,1.5,0,0
bspline,off,3,2,2.0,0.05,True,0,2.201,2.1,1.5,0,0
bspline,off,3,3,2.0,0.05,True,0,2.198,2.1,1.5,0,0
bspline,off,3,4,2.0,0.05,True,0,2.133,2.1,1.5,0,0
bspline,off,3,5,2.0,0.05,True,0,0.798,2.1,1.5,0,0
bspline,off,4,0,2.0,0.05,True,0,1.939,2.1,1.5,0,0
bspline,off,4,1,2.0,0.05,True,0,2.119,2.1,1.5,0,0
bspline,off,4,2,2.0,0.05,True,0,2.202,2.1,1.5,0,0
bspline,off,4,3,2.0,0.05,True,0,2.197,2.1,1.5,0,0
bspline,off,4,4,2.0,0.05,True,0,1.356,2.1,1.5,0,0
bspline,off,4,5,2.0,0.05,True,0,1.09,2.1,1.5,0,0
bspline,off,5,0,2.0,0.05,True,0,2.202,2.1,1.5,0,0
bspline,off,5,1,2.0,0.05,True,0,2.202,2.1,1.5,0,0
bspline,off,5,2,2.0,0.05,True,0,2.202,2.1,1.5,0,0
bspline,off,5,3,2.0,0.05,True,0,0.47,2.1,1.5,0,0
bspline,off,5,4,2.0,0.05,True,0,2.202,2.1,1.5,0,0
bspline,off,5,5,2.0,0.05,True,0,2.201,2.1,1.5,0,0
bspline,off,6,0,2.0,0.05,True,0,2.201,2.1,1.5,0,0
bspline,off,6,1,2.0,0.05,True,0,2.197,2.1,1.5,0,0
bspline,off,6,2,2.0,0.05,True,0,0.955,2.1,1.5,0,0
bspline,off,6,3,2.0,0.05,True,0,2.201,2.1,1.5,0,0
bspline,off,6,4,2.0,0.05,True,0,2.202,2.1,1.5,0,0
bspline,off,6,5,2.0,0.05,True,0,2.202,2.1,1.5,0,0
bspline,off,7,0,2.0,0.05,True,0,2.202,2.1,1.5,0,0
bspline,off,7,1,2.0,0.05,True,0,2.202,2.1,1.5,0,0
bspline,off,7,2,2.0,0.05,True,1,-0.225,2.1,1.5,0,0
bspline,off,7,3,2.0,0.05,True,0,0.093,2.1,1.5,0,0
bspline,off,7,4,2.0,0.05,True,1,-0.181,2.1,1.5,0,0
bspline,off,7,5,2.0,0.05,True,0,0.91,2.1,1.5,0,0
bspline,off,8,0,2.0,0.05,True,0,0.521,2.1,1.5,0,0
bspline,off,8,1,2.0,0.05,True,0,1.695,2.1,1.5,0,0
bspline,off,8,2,2.0,0.05,True,1,-0.052,2.1,1.5,0,0
bspline,off,8,3,2.0,0.05,True,1,-0.207,2.1,1.5,0,0
bspline,off,8,4,2.0,0.05,True,0,2.202,2.1,1.5,0,0
bspline,off,8,5,2.0,0.05,True,0,0.469,2.1,1.5,0,0
bspline,off,9,0,2.0,0.05,True,0,1.75,2.1,1.5,0,0
bspline,off,9,1,2.0,0.05,True,0,6.879,2.1,1.5,0,0
bspline,off,9,2,2.0,0.05,True,0,0.919,2.1,1.5,0,0
bspline,off,9,3,2.0,0.05,True,0,0.192,2.1,1.5,0,0
bspline,off,9,4,2.0,0.05,True,0,1.452,2.1,1.5,0,0
bspline,off,9,5,2.0,0.05,True,0,0.516,2.1,1.5,0,0
bspline,off,10,0,2.0,0.05,True,1,-0.208,2.1,1.5,0,0
bspline,off,10,1,2.0,0.05,True,0,2.201,2.1,1.5,0,0
bspline,off,10,2,2.0,0.05,True,0,0.412,2.1,1.5,0,0
bspline,off,10,3,2.0,0.05,True,0,2.187,2.1,1.5,0,0
bspline,off,10,4,2.0,0.05,True,0,1.176,2.1,1.5,0,0
bspline,off,10,5,2.0,0.05,True,0,0.819,2.1,1.5,0,0
bspline,off,11,0,2.0,0.05,True,0,0.452,2.1,1.5,0,0
bspline,off,11,1,2.0,0.05,True,0,2.202,2.1,1.5,0,0
bspline,off,11,2,2.0,0.05,True,0,1.668,2.1,1.5,0,0
bspline,off,11,3,2.0,0.05,True,0,0.579,2.1,1.5,0,0
bspline,off,11,4,2.0,0.05,True,0,0.431,2.1,1.5,0,0
bspline,off,11,5,2.0,0.05,True,0,0.702,2.1,1.5,0,0
bspline,off,12,0,2.0,0.05,True,0,0.404,2.1,1.5,0,0
bspline,off,12,1,2.0,0.05,True,0,0.639,2.1,1.5,0,0
bspline,off,12,2,2.0,0.05,True,1,-0.034,2.1,1.5,0,0
bspline,off,12,3,2.0,0.05,True,0,0.249,2.1,1.5,0,0
bspline,off,12,4,2.0,0.05,True,0,2.89,2.1,1.5,0,0
bspline,off,12,5,2.0,0.05,True,1,-0.173,2.1,1.5,0,0
bspline,off,13,0,2.0,0.05,True,0,0.155,2.1,1.5,0,0
bspline,off,13,1,2.0,0.05,True,0,2.152,2.1,1.5,0,0
bspline,off,13,2,2.0,0.05,True,0,2.163,2.1,1.5,0,0
bspline,off,13,3,2.0,0.05,True,0,2.202,2.1,1.5,0,0
bspline,off,13,4,2.0,0.05,True,1,-0.169,2.1,1.5,0,0
bspline,off,13,5,2.0,0.05,True,1,-0.21,2.1,1.5,0,0
bspline,off,14,0,2.0,0.05,True,0,1.037,2.1,1.5,0,0
bspline,off,14,1,2.0,0.05,True,0,2.168,2.1,1.5,0,0
bspline,off,14,2,2.0,0.05,True,0,4.781,2.1,1.5,0,0
bspline,off,14,3,2.0,0.05,True,0,2.202,2.1,1.5,0,0
bspline,off,14,4,2.0,0.05,True,0,2.116,2.1,1.5,0,0
bspline,off,14,5,2.0,0.05,True,0,2.202,2.1,1.5,0,0
bspline,off,15,0,2.0,0.05,True,0,0.103,2.1,1.5,0,0
bspline,off,15,1,2.0,0.05,True,0,2.145,2.1,1.5,0,0
bspline,off,15,2,2.0,0.05,True,0,2.203,2.1,1.5,0,0
bspline,off,15,3,2.0,0.05,True,0,0.938,2.1,1.5,0,0
bspline,off,15,4,2.0,0.05,True,1,-0.323,2.1,1.5,0,0
bspline,off,15,5,2.0,0.05,True,0,0.056,2.1,1.5,0,0
bspline,off,16,0,2.0,0.05,True,0,1.729,2.1,1.5,0,0
bspline,off,16,1,2.0,0.05,True,1,-0.186,2.1,1.5,0,0
bspline,off,16,2,2.0,0.05,True,1,-0.024,2.1,1.5,0,0
bspline,off,16,3,2.0,0.05,True,0,2.202,2.1,1.5,0,0
bspline,off,16,4,2.0,0.05,True,0,2.202,2.1,1.5,0,0
bspline,off,16,5,2.0,0.05,True,0,2.153,2.1,1.5,0,0
bspline,off,17,0,2.0,0.05,True,0,2.202,2.1,1.5,0,0
bspline,off,17,1,2.0,0.05,True,0,2.202,2.1,1.5,0,0
bspline,off,17,2,2.0,0.05,True,1,-0.206,2.1,1.5,0,0
bspline,off,17,3,2.0,0.05,True,0,2.201,2.1,1.5,0,0
bspline,off,17,4,2.0,0.05,True,0,3.291,2.1,1.5,0,0
bspline,off,17,5,2.0,0.05,True,0,2.197,2.1,1.5,0,0
bspline,off,18,0,2.0,0.05,True,0,2.202,2.1,1.5,0,0
bspline,off,18,1,2.0,0.05,True,0,1.404,2.1,1.5,0,0
bspline,off,18,2,2.0,0.05,True,0,0.339,2.1,1.5,0,0
bspline,off,18,3,2.0,0.05,True,0,2.202,2.1,1.5,0,0
bspline,off,18,4,2.0,0.05,True,0,2.195,2.1,1.5,0,0
bspline,off,18,5,2.0,0.05,True,0,2.202,2.1,1.5,0,0
bspline,off,19,0,2.0,0.05,True,0,9.808,2.1,1.5,0,0
bspline,off,19,1,2.0,0.05,True,0,1.243,2.1,1.5,0,0
bspline,off,19,2,2.0,0.05,True,0,1.043,2.1,1.5,0,0
bspline,off,19,3,2.0,0.05,True,0,1.717,2.1,1.5,0,0
bspline,off,19,4,2.0,0.05,True,0,1.366,2.1,1.5,0,0
bspline,off,19,5,2.0,0.05,True,0,0.791,2.1,1.5,0,0
bspline,off,0,0,3.0,0.05,True,0,2.067,1.8,1.5,0,0
bspline,off,0,1,3.0,0.05,True,0,0.01,1.8,1.5,0,0
bspline,off,0,2,3.0,0.05,True,0,0.04,1.8,1.5,0,0
bspline,off,0,3,3.0,0.05,True,0,2.219,1.8,1.5,0,0
bspline,off,0,4,3.0,0.05,True,0,2.218,1.8,1.5,0,0
bspline,off,0,5,3.0,0.05,True,0,0.495,1.8,1.5,0,0
bspline,off,1,0,3.0,0.05,True,0,2.067,1.8,1.5,0,0
bspline,off,1,1,3.0,0.05,True,0,0.148,1.8,1.5,0,0
bspline,off,1,2,3.0,0.05,True,0,2.212,1.8,1.5,0,0
bspline,off,1,3,3.0,0.05,True,0,0.006,1.8,1.5,0,0
bspline,off,1,4,3.0,0.05,True,0,0.846,1.8,1.5,0,0
bspline,off,1,5,3.0,0.05,True,0,1.594,1.8,1.5,0,0
bspline,off,2,0,3.0,0.05,True,0,1.544,1.8,1.5,0,0
bspline,off,2,1,3.0,0.05,True,0,2.11,1.8,1.5,0,0
bspline,off,2,2,3.0,0.05,True,0,2.219,1.8,1.5,0,0
bspline,off,2,3,3.0,0.05,True,0,0.984,1.8,1.5,0,0
bspline,off,2,4,3.0,0.05,True,0,2.213,1.8,1.5,0,0
bspline,off,2,5,3.0,0.05,True,1,-0.116,1.8,1.5,0,0
bspline,off,3,0,3.0,0.05,True,0,2.088,1.8,1.5,0,0
bspline,off,3,1,3.0,0.05,True,0,0.552,1.8,1.5,0,0
bspline,off,3,2,3.0,0.05,True,0,2.219,1.8,1.5,0,0
bspline,off,3,3,3.0,0.05,True,0,2.226,1.8,1.5,0,0
bspline,off,3,4,3.0,0.05,True,0,2.132,1.8,1.5,0,0
bspline,off,3,5,3.0,0.05,True,0,0.492,1.8,1.5,0,0
bspline,off,4,0,3.0,0.05,True,0,2.011,1.8,1.5,0,0
bspline,off,4,1,3.0,0.05,True,0,2.231,1.8,1.5,0,0
bspline,off,4,2,3.0,0.05,True,0,2.219,1.8,1.5,0,0
bspline,off,4,3,3.0,0.05,True,0,2.223,1.8,1.5,0,0
bspline,off,4,4,3.0,0.05,True,0,1.377,1.8,1.5,0,0
bspline,off,4,5,3.0,0.05,True,0,1.15,1.8,1.5,0,0
bspline,off,5,0,3.0,0.05,True,0,2.219,1.8,1.5,0,0
bspline,off,5,1,3.0,0.05,True,0,2.219,1.8,1.5,0,0
bspline,off,5,2,3.0,0.05,True,0,2.219,1.8,1.5,0,0
bspline,off,5,3,3.0,0.05,True,0,0.401,1.8,1.5,0,0
bspline,off,5,4,3.0,0.05,True,0,2.219,1.8,1.5,0,0
bspline,off,5,5,3.0,0.05,True,0,2.222,1.8,1.5,0,0
bspline,off,6,0,3.0,0.05,True,0,2.219,1.8,1.5,0,0
bspline,off,6,1,3.0,0.05,True,0,2.226,1.8,1.5,0,0
bspline,off,6,2,3.0,0.05,True,0,0.805,1.8,1.5,0,0
bspline,off,6,3,3.0,0.05,True,0,2.219,1.8,1.5,0,0
bspline,off,6,4,3.0,0.05,True,0,2.219,1.8,1.5,0,0
bspline,off,6,5,3.0,0.05,True,0,2.219,1.8,1.5,0,0
bspline,off,7,0,3.0,0.05,True,0,2.219,1.8,1.5,0,0
bspline,off,7,1,3.0,0.05,True,0,2.219,1.8,1.5,0,0
bspline,off,7,2,3.0,0.05,True,0,0.034,1.8,1.5,0,0
bspline,off,7,3,3.0,0.05,True,0,0.241,1.8,1.5,0,0
bspline,off,7,4,3.0,0.05,True,0,0.021,1.8,1.5,0,0
bspline,off,7,5,3.0,0.05,True,0,0.946,1.8,1.5,0,0
bspline,off,8,0,3.0,0.05,True,0,0.925,1.8,1.5,0,0
bspline,off,8,1,3.0,0.05,True,0,1.796,1.8,1.5,0,0
bspline,off,8,2,3.0,0.05,True,0,0.085,1.8,1.5,0,0
bspline,off,8,3,3.0,0.05,True,0,0.008,1.8,1.5,0,0
bspline,off,8,4,3.0,0.05,True,0,2.219,1.8,1.5,0,0
bspline,off,8,5,3.0,0.05,True,0,0.125,1.8,1.5,0,0
bspline,off,9,0,3.0,0.05,True,0,1.772,1.8,1.5,0,0
bspline,off,9,1,3.0,0.05,True,0,8.252,1.8,1.5,0,0
bspline,off,9,2,3.0,0.05,True,0,0.794,1.8,1.5,0,0
bspline,off,9,3,3.0,0.05,True,0,0.185,1.8,1.5,0,0
bspline,off,9,4,3.0,0.05,True,0,1.316,1.8,1.5,0,0
bspline,off,9,5,3.0,0.05,True,0,0.849,1.8,1.5,0,0
bspline,off,10,0,3.0,0.05,True,0,0.007,1.8,1.5,0,0
bspline,off,10,1,3.0,0.05,True,0,2.219,1.8,1.5,0,0
bspline,off,10,2,3.0,0.05,True,0,0.4,1.8,1.5,0,0
bspline,off,10,3,3.0,0.05,True,0,2.218,1.8,1.5,0,0
bspline,off,10,4,3.0,0.05,True,0,1.32,1.8,1.5,0,0
bspline,off,10,5,3.0,0.05,True,0,0.894,1.8,1.5,0,0
bspline,off,11,0,3.0,0.05,True,1,-0.013,1.8,1.5,0,0
bspline,off,11,1,3.0,0.05,True,0,2.219,1.8,1.5,0,0
bspline,off,11,2,3.0,0.05,True,0,1.696,1.8,1.5,0,0
bspline,off,11,3,3.0,0.05,True,0,0.616,1.8,1.5,0,0
bspline,off,11,4,3.0,0.05,True,0,0.488,1.8,1.5,0,0
bspline,off,11,5,3.0,0.05,True,0,0.859,1.8,1.5,0,0
bspline,off,12,0,3.0,0.05,True,0,2.871,1.8,1.5,0,0
bspline,off,12,1,3.0,0.05,True,0,0.992,1.8,1.5,0,0
bspline,off,12,2,3.0,0.05,True,0,0.042,1.8,1.5,0,0
bspline,off,12,3,3.0,0.05,True,0,0.322,1.8,1.5,0,0
bspline,off,12,4,3.0,0.05,True,0,4.568,1.8,1.5,0,0
bspline,off,12,5,3.0,0.05,True,0,0.03,1.8,1.5,0,0
bspline,off,13,0,3.0,0.05,True,0,0.199,1.8,1.5,0,0
bspline,off,13,1,3.0,0.05,True,0,2.163,1.8,1.5,0,0
bspline,off,13,2,3.0,0.05,True,0,2.181,1.8,1.5,0,0
bspline,off,13,3,3.0,0.05,True,0,2.209,1.8,1.5,0,0
bspline,off,13,4,3.0,0.05,True,0,0.02,1.8,1.5,0,0
bspline,off,13,5,3.0,0.05,True,0,0.004,1.8,1.5,0,0
bspline,off,14,0,3.0,0.05,True,0,1.169,1.8,1.5,0,0
bspline,off,14,1,3.0,0.05,True,0,2.203,1.8,1.5,0,0
bspline,off,14,2,3.0,0.05,True,0,5.205,1.8,1.5,0,0
bspline,off,14,3,3.0,0.05,True,0,2.219,1.8,1.5,0,0
bspline,off,14,4,3.0,0.05,True,0,2.133,1.8,1.5,0,0
bspline,off,14,5,3.0,0.05,True,0,2.219,1.8,1.5,0,0
bspline,off,15,0,3.0,0.05,True,0,0.027,1.8,1.5,0,0
bspline,off,15,1,3.0,0.05,True,0,2.162,1.8,1.5,0,0
bspline,off,15,2,3.0,0.05,True,0,2.212,1.8,1.5,0,0
bspline,off,15,3,3.0,0.05,True,0,0.94,1.8,1.5,0,0
bspline,off,15,4,3.0,0.05,True,1,-0.369,1.8,1.5,0,0
bspline,off,15,5,3.0,0.05,True,0,0.138,1.8,1.5,0,0
bspline,off,16,0,3.0,0.05,True,0,1.765,1.8,1.5,0,0
bspline,off,16,1,3.0,0.05,True,0,0.041,1.8,1.5,0,0
bspline,off,16,2,3.0,0.05,True,1,-0.033,1.8,1.5,0,0
bspline,off,16,3,3.0,0.05,True,0,2.217,1.8,1.5,0,0
bspline,off,16,4,3.0,0.05,True,0,2.219,1.8,1.5,0,0
bspline,off,16,5,3.0,0.05,True,0,2.209,1.8,1.5,0,0
bspline,off,17,0,3.0,0.05,True,0,2.219,1.8,1.5,0,0
bspline,off,17,1,3.0,0.05,True,0,2.219,1.8,1.5,0,0
bspline,off,17,2,3.0,0.05,True,0,0.008,1.8,1.5,0,0
bspline,off,17,3,3.0,0.05,True,0,2.199,1.8,1.5,0,0
bspline,off,17,4,3.0,0.05,True,0,3.646,1.8,1.5,0,0
bspline,off,17,5,3.0,0.05,True,0,2.122,1.8,1.5,0,0
bspline,off,18,0,3.0,0.05,True,0,2.219,1.8,1.5,0,0
bspline,off,18,1,3.0,0.05,True,0,1.421,1.8,1.5,0,0
bspline,off,18,2,3.0,0.05,True,1,-0.198,1.8,1.5,0,0
bspline,off,18,3,3.0,0.05,True,0,2.219,1.8,1.5,0,0
bspline,off,18,4,3.0,0.05,True,0,2.232,1.8,1.5,0,0
bspline,off,18,5,3.0,0.05,True,0,2.219,1.8,1.5,0,0
bspline,off,19,0,3.0,0.05,True,0,10.008,1.8,1.5,0,0
bspline,off,19,1,3.0,0.05,True,0,1.848,1.8,1.5,0,0
bspline,off,19,2,3.0,0.05,True,0,0.941,1.8,1.5,0,0
bspline,off,19,3,3.0,0.05,True,0,1.806,1.8,1.5,0,0
bspline,off,19,4,3.0,0.05,True,0,1.451,1.8,1.5,0,0
bspline,off,19,5,3.0,0.05,True,0,0.734,1.8,1.5,0,0
bspline,off,0,0,4.0,0.05,True,0,2.08,1.5,1.5,0,0
bspline,off,0,1,4.0,0.05,True,0,0.397,1.5,1.5,0,0
bspline,off,0,2,4.0,0.05,True,0,0.417,1.5,1.5,0,0
bspline,off,0,3,4.0,0.05,True,0,2.296,1.5,1.5,0,0
bspline,off,0,4,4.0,0.05,True,0,2.295,1.5,1.5,0,0
bspline,off,0,5,4.0,0.05,True,0,0.758,1.5,1.5,0,0
bspline,off,1,0,4.0,0.05,True,0,2.229,1.5,1.5,0,0
bspline,off,1,1,4.0,0.05,True,0,0.472,1.5,1.5,0,0
bspline,off,1,2,4.0,0.05,True,0,2.289,1.5,1.5,0,0
bspline,off,1,3,4.0,0.05,True,0,0.4,1.5,1.5,0,0
bspline,off,1,4,4.0,0.05,True,0,0.869,1.5,1.5,0,0
bspline,off,1,5,4.0,0.05,True,0,1.855,1.5,1.5,0,0
bspline,off,2,0,4.0,0.05,True,0,1.739,1.5,1.5,0,0
bspline,off,2,1,4.0,0.05,True,0,2.19,1.5,1.5,0,0
bspline,off,2,2,4.0,0.05,True,0,2.296,1.5,1.5,0,0
bspline,off,2,3,4.0,0.05,True,0,0.58,1.5,1.5,0,0
bspline,off,2,4,4.0,0.05,True,0,2.292,1.5,1.5,0,0
bspline,off,2,5,4.0,0.05,True,1,-0.134,1.5,1.5,0,0
bspline,off,3,0,4.0,0.05,True,0,1.989,1.5,1.5,0,0
bspline,off,3,1,4.0,0.05,True,0,0.912,1.5,1.5,0,0
bspline,off,3,2,4.0,0.05,True,0,2.296,1.5,1.5,0,0
bspline,off,3,3,4.0,0.05,True,0,2.313,1.5,1.5,0,0
bspline,off,3,4,4.0,0.05,True,0,2.194,1.5,1.5,0,0
bspline,off,3,5,4.0,0.05,True,0,0.589,1.5,1.5,0,0
bspline,off,4,0,4.0,0.05,True,0,2.145,1.5,1.5,0,0
bspline,off,4,1,4.0,0.05,True,0,2.396,1.5,1.5,0,0
bspline,off,4,2,4.0,0.05,True,0,2.296,1.5,1.5,0,0
bspline,off,4,3,4.0,0.05,True,0,2.308,1.5,1.5,0,0
bspline,off,4,4,4.0,0.05,True,0,1.191,1.5,1.5,0,0
bspline,off,4,5,4.0,0.05,True,0,1.307,1.5,1.5,0,0
bspline,off,5,0,4.0,0.05,True,0,2.296,1.5,1.5,0,0
bspline,off,5,1,4.0,0.05,True,0,2.296,1.5,1.5,0,0
bspline,off,5,2,4.0,0.05,True,0,2.296,1.5,1.5,0,0
bspline,off,5,3,4.0,0.05,True,0,0.401,1.5,1.5,0,0
bspline,off,5,4,4.0,0.05,True,0,2.296,1.5,1.5,0,0
bspline,off,5,5,4.0,0.05,True,0,2.303,1.5,1.5,0,0
bspline,off,6,0,4.0,0.05,True,0,2.296,1.5,1.5,0,0
bspline,off,6,1,4.0,0.05,True,0,2.315,1.5,1.5,0,0
bspline,off,6,2,4.0,0.05,True,0,0.683,1.5,1.5,0,0
bspline,off,6,3,4.0,0.05,True,0,2.296,1.5,1.5,0,0
bspline,off,6,4,4.0,0.05,True,0,2.296,1.5,1.5,0,0
bspline,off,6,5,4.0,0.05,True,0,2.296,1.5,1.5,0,0
bspline,off,7,0,4.0,0.05,True,0,2.296,1.5,1.5,0,0
bspline,off,7,1,4.0,0.05,True,0,2.296,1.5,1.5,0,0
bspline,off,7,2,4.0,0.05,True,0,0.159,1.5,1.5,0,0
bspline,off,7,3,4.0,0.05,True,0,0.561,1.5,1.5,0,0
bspline,off,7,4,4.0,0.05,True,0,0.409,1.5,1.5,0,0
bspline,off,7,5,4.0,0.05,True,0,1.096,1.5,1.5,0,0
bspline,off,8,0,4.0,0.05,True,0,0.934,1.5,1.5,0,0
bspline,off,8,1,4.0,0.05,True,0,1.916,1.5,1.5,0,0
bspline,off,8,2,4.0,0.05,True,0,0.581,1.5,1.5,0,0
bspline,off,8,3,4.0,0.05,True,0,0.401,1.5,1.5,0,0
bspline,off,8,4,4.0,0.05,True,0,2.296,1.5,1.5,0,0
bspline,off,8,5,4.0,0.05,True,0,0.257,1.5,1.5,0,0
bspline,off,9,0,4.0,0.05,True,0,1.867,1.5,1.5,0,0
bspline,off,9,1,4.0,0.05,True,0,9.942,1.5,1.5,0,0
bspline,off,9,2,4.0,0.05,True,0,0.683,1.5,1.5,0,0
bspline,off,9,3,4.0,0.05,True,0,0.433,1.5,1.5,0,0
bspline,off,9,4,4.0,0.05,True,0,1.084,1.5,1.5,0,0
bspline,off,9,5,4.0,0.05,True,0,1.212,1.5,1.5,0,0
bspline,off,10,0,4.0,0.05,True,1,-0.072,1.5,1.5,0,0
bspline,off,10,1,4.0,0.05,True,0,2.296,1.5,1.5,0,0
bspline,off,10,2,4.0,0.05,True,0,0.585,1.5,1.5,0,0
bspline,off,10,3,4.0,0.05,True,0,2.309,1.5,1.5,0,0
bspline,off,10,4,4.0,0.05,True,0,1.538,1.5,1.5,0,0
bspline,off,10,5,4.0,0.05,True,0,1.004,1.5,1.5,0,0
bspline,off,11,0,4.0,0.05,True,0,1.398,1.5,1.5,0,0
bspline,off,11,1,4.0,0.05,True,0,2.296,1.5,1.5,0,0
bspline,off,11,2,4.0,0.05,True,0,1.799,1.5,1.5,0,0
bspline,off,11,3,4.0,0.05,True,0,0.703,1.5,1.5,0,0
bspline,off,11,4,4.0,0.05,True,0,0.708,1.5,1.5,0,0
bspline,off,11,5,4.0,0.05,True,0,1.038,1.5,1.5,0,0
bspline,off,12,0,4.0,0.05,True,0,5.386,1.5,1.5,0,0
bspline,off,12,1,4.0,0.05,True,0,1.167,1.5,1.5,0,0
bspline,off,12,2,4.0,0.05,True,0,0.539,1.5,1.5,0,0
bspline,off,12,3,4.0,0.05,True,0,0.585,1.5,1.5,0,0
bspline,off,12,4,4.0,0.05,True,0,4.58,1.5,1.5,0,0
bspline,off,12,5,4.0,0.05,True,0,0.416,1.5,1.5,0,0
bspline,off,13,0,4.0,0.05,True,0,0.409,1.5,1.5,0,0
bspline,off,13,1,4.0,0.05,True,0,2.237,1.5,1.5,0,0
bspline,off,13,2,4.0,0.05,True,0,2.26,1.5,1.5,0,0
bspline,off,13,3,4.0,0.05,True,0,2.276,1.5,1.5,0,0
bspline,off,13,4,4.0,0.05,True,0,0.406,1.5,1.5,0,0
bspline,off,13,5,4.0,0.05,True,0,0.398,1.5,1.5,0,0
bspline,off,14,0,4.0,0.05,True,0,1.538,1.5,1.5,0,0
bspline,off,14,1,4.0,0.05,True,0,2.298,1.5,1.5,0,0
bspline,off,14,2,4.0,0.05,True,0,5.661,1.5,1.5,0,0
bspline,off,14,3,4.0,0.05,True,0,2.296,1.5,1.5,0,0
bspline,off,14,4,4.0,0.05,True,0,2.213,1.5,1.5,0,0
bspline,off,14,5,4.0,0.05,True,0,2.296,1.5,1.5,0,0
bspline,off,15,0,4.0,0.05,True,0,0.313,1.5,1.5,0,0
bspline,off,15,1,4.0,0.05,True,0,2.241,1.5,1.5,0,0
bspline,off,15,2,4.0,0.05,True,0,2.281,1.5,1.5,0,0
bspline,off,15,3,4.0,0.05,True,0,1.061,1.5,1.5,0,0
bspline,off,15,4,4.0,0.05,True,1,-0.017,1.5,1.5,0,0
bspline,off,15,5,4.0,0.05,True,0,0.453,1.5,1.5,0,0
bspline,off,16,0,4.0,0.05,True,0,1.826,1.5,1.5,0,0
bspline,off,16,1,4.0,0.05,True,0,0.428,1.5,1.5,0,0
bspline,off,16,2,4.0,0.05,True,0,0.314,1.5,1.5,0,0
bspline,off,16,3,4.0,0.05,True,0,2.294,1.5,1.5,0,0
bspline,off,16,4,4.0,0.05,True,0,2.296,1.5,1.5,0,0
bspline,off,16,5,4.0,0.05,True,0,2.325,1.5,1.5,0,0
bspline,off,17,0,4.0,0.05,True,0,2.296,1.5,1.5,0,0
bspline,off,17,1,4.0,0.05,True,0,2.297,1.5,1.5,0,0
bspline,off,17,2,4.0,0.05,True,0,0.401,1.5,1.5,0,0
bspline,off,17,3,4.0,0.05,True,0,2.259,1.5,1.5,0,0
bspline,off,17,4,4.0,0.05,True,0,3.732,1.5,1.5,0,0
bspline,off,17,5,4.0,0.05,True,0,2.111,1.5,1.5,0,0
bspline,off,18,0,4.0,0.05,True,0,2.296,1.5,1.5,0,0
bspline,off,18,1,4.0,0.05,True,0,1.513,1.5,1.5,0,0
bspline,off,18,2,4.0,0.05,True,0,0.94,1.5,1.5,0,0
bspline,off,18,3,4.0,0.05,True,0,2.296,1.5,1.5,0,0
bspline,off,18,4,4.0,0.05,True,0,2.328,1.5,1.5,0,0
bspline,off,18,5,4.0,0.05,True,0,2.296,1.5,1.5,0,0
bspline,off,19,0,4.0,0.05,True,0,10.208,1.5,1.5,0,0
bspline,off,19,1,4.0,0.05,True,0,2.335,1.5,1.5,0,0
bspline,off,19,2,4.0,0.05,True,0,0.959,1.5,1.5,0,0
bspline,off,19,3,4.0,0.05,True,0,1.96,1.5,1.5,0,0
bspline,off,19,4,4.0,0.05,True,0,1.614,1.5,1.5,0,0
bspline,off,19,5,4.0,0.05,True,0,0.724,1.5,1.5,0,0
bspline,on,0,0,2.0,0.05,True,0,2.119,2.1,1.5,0,0
bspline,on,0,1,2.0,0.05,True,0,1.118,2.4,1.5,0,0
bspline,on,0,2,2.0,0.05,True,0,1.218,2.1,1.5,0,0
bspline,on,0,3,2.0,0.05,True,0,2.202,2.1,1.5,0,0
bspline,on,0,4,2.0,0.05,True,0,2.202,2.1,1.5,0,0
bspline,on,0,5,2.0,0.05,True,0,1.375,2.4,1.5,0,0
bspline,on,1,0,2.0,0.05,True,0,1.963,2.1,1.5,0,0
bspline,on,1,1,2.0,0.05,True,0,1.314,2.1,1.5,0,0
bspline,on,1,2,2.0,0.05,True,0,2.196,2.1,1.5,0,0
bspline,on,1,3,2.0,0.05,True,0,1.307,2.1,1.5,0,0
bspline,on,1,4,2.0,0.05,True,0,1.641,2.1,1.5,0,0
bspline,on,1,5,2.0,0.05,True,0,1.453,2.1,1.5,0,0
bspline,on,2,0,2.0,0.05,True,0,1.42,2.1,1.5,0,0
bspline,on,2,1,2.0,0.05,True,0,2.092,2.1,1.5,0,0
bspline,on,2,2,2.0,0.05,True,0,2.202,2.1,1.5,0,0
bspline,on,2,3,2.0,0.05,True,0,1.31,3.6,2.58,0,0
bspline,on,2,4,2.0,0.05,True,0,2.194,2.1,1.5,0,0
bspline,on,2,5,2.0,0.05,True,0,1.285,3.0,1.5,0,0
bspline,on,3,0,2.0,0.05,True,0,1.923,2.1,1.5,0,0
bspline,on,3,1,2.0,0.05,True,0,1.179,2.1,1.5,0,0
bspline,on,3,2,2.0,0.05,True,0,2.944,2.1,1.5,0,0
bspline,on,3,3,2.0,0.05,True,0,2.198,2.1,1.5,0,0
bspline,on,3,4,2.0,0.05,True,0,2.133,2.1,1.5,0,0
bspline,on,3,5,2.0,0.05,True,0,1.068,2.1,1.5,0,0
bspline,on,4,0,2.0,0.05,True,0,1.939,2.1,1.5,0,0
bspline,on,4,1,2.0,0.05,True,0,2.119,2.1,1.5,0,0
bspline,on,4,2,2.0,0.05,True,0,2.202,2.1,1.5,0,0
bspline,on,4,3,2.0,0.05,True,0,2.197,2.1,1.5,0,0
bspline,on,4,4,2.0,0.05,True,0,1.356,2.1,1.5,0,0
bspline,on,4,5,2.0,0.05,True,0,2.072,2.1,1.5,0,0
bspline,on,5,0,2.0,0.05,True,0,2.202,2.1,1.5,0,0
bspline,on,5,1,2.0,0.05,True,0,2.202,2.1,1.5,0,0
bspline,on,5,2,2.0,0.05,True,0,2.944,2.1,1.5,0,0
bspline,on,5,3,2.0,0.05,True,0,1.64,2.4,1.5,0,0
bspline,on,5,4,2.0,0.05,True,0,2.202,2.1,1.5,0,0
bspline,on,5,5,2.0,0.05,True,0,2.201,2.1,1.5,0,0
bspline,on,6,0,2.0,0.05,True,0,2.201,2.1,1.5,0,0
bspline,on,6,1,2.0,0.05,True,0,2.197,2.1,1.5,0,0
bspline,on,6,2,2.0,0.05,True,0,1.201,2.4,1.5,0,0
bspline,on,6,3,2.0,0.05,True,0,2.201,2.1,1.5,0,0
bspline,on,6,4,2.0,0.05,True,0,2.202,2.1,1.5,0,0
bspline,on,6,5,2.0,0.05,True,0,2.202,2.1,1.5,0,0
bspline,on,7,0,2.0,0.05,True,0,2.202,2.1,1.5,0,0
bspline,on,7,1,2.0,0.05,True,0,2.202,2.1,1.5,0,0
bspline,on,7,2,2.0,0.05,True,0,2.017,2.4,1.5,0,0
bspline,on,7,3,2.0,0.05,True,0,1.851,2.4,1.5,0,0
bspline,on,7,4,2.0,0.05,True,0,1.122,2.1,1.5,0,0
bspline,on,7,5,2.0,0.05,True,0,0.91,2.1,1.5,0,0
bspline,on,8,0,2.0,0.05,True,0,1.442,2.4,1.5,0,0
bspline,on,8,1,2.0,0.05,True,0,1.695,2.1,1.5,0,0
bspline,on,8,2,2.0,0.05,True,0,1.515,2.1,1.5,0,0
bspline,on,8,3,2.0,0.05,True,0,1.262,2.4,1.5,0,0
bspline,on,8,4,2.0,0.05,True,0,2.202,2.1,1.5,0,0
bspline,on,8,5,2.0,0.05,True,0,1.021,3.3,2.85,0,0
bspline,on,9,0,2.0,0.05,True,0,1.75,2.1,1.5,0,0
bspline,on,9,1,2.0,0.05,True,0,6.879,2.1,1.5,0,0
bspline,on,9,2,2.0,0.05,True,0,1.259,2.4,1.5,0,0
bspline,on,9,3,2.0,0.05,True,0,1.0,2.4,2.32,0,0
bspline,on,9,4,2.0,0.05,True,0,1.452,2.1,1.5,0,0
bspline,on,9,5,2.0,0.05,True,0,1.218,2.1,1.5,0,0
bspline,on,10,0,2.0,0.05,True,0,2.044,2.4,1.5,0,0
bspline,on,10,1,2.0,0.05,True,0,2.201,2.1,1.5,0,0
bspline,on,10,2,2.0,0.05,True,0,1.621,2.1,1.5,0,0
bspline,on,10,3,2.0,0.05,True,0,2.187,2.1,1.5,0,0
bspline,on,10,4,2.0,0.05,True,0,2.161,2.1,1.5,0,0
bspline,on,10,5,2.0,0.05,True,0,1.668,2.4,2.51,0,0
bspline,on,11,0,2.0,0.05,True,0,1.568,3.0,2.61,0,0
bspline,on,11,1,2.0,0.05,True,0,2.202,2.1,1.5,0,0
bspline,on,11,2,2.0,0.05,True,0,1.668,2.1,1.5,0,0
bspline,on,11,3,2.0,0.05,True,0,1.64,2.4,1.5,0,0
bspline,on,11,4,2.0,0.05,True,0,1.368,3.0,2.73,0,0
bspline,on,11,5,2.0,0.05,True,0,1.172,2.1,1.5,0,0
bspline,on,12,0,2.0,0.05,True,0,1.592,2.7,2.63,0,0
bspline,on,12,1,2.0,0.05,True,0,1.961,2.1,1.5,0,0
bspline,on,12,2,2.0,0.05,True,0,1.13,2.1,1.5,0,0
bspline,on,12,3,2.0,0.05,True,0,0.98,2.1,1.5,0,0
bspline,on,12,4,2.0,0.05,True,0,1.197,2.7,2.56,0,0
bspline,on,12,5,2.0,0.05,True,0,1.248,2.1,1.5,0,0
bspline,on,13,0,2.0,0.05,True,0,1.397,2.4,2.66,0,0
bspline,on,13,1,2.0,0.05,True,0,2.152,2.1,1.5,0,0
bspline,on,13,2,2.0,0.05,True,0,2.163,2.1,1.5,0,0
bspline,on,13,3,2.0,0.05,True,0,2.202,2.1,1.5,0,0
bspline,on,13,4,2.0,0.05,True,0,1.247,2.1,1.5,0,0
bspline,on,13,5,2.0,0.05,True,0,1.338,2.1,1.5,0,0
bspline,on,14,0,2.0,0.05,True,0,1.301,2.4,1.5,0,0
bspline,on,14,1,2.0,0.05,True,0,2.168,2.1,1.5,0,0
bspline,on,14,2,2.0,0.05,True,0,4.781,2.1,1.5,0,0
bspline,on,14,3,2.0,0.05,True,0,2.202,2.1,1.5,0,0
bspline,on,14,4,2.0,0.05,True,0,2.116,2.1,1.5,0,0
bspline,on,14,5,2.0,0.05,True,0,2.202,2.1,1.5,0,0
bspline,on,15,0,2.0,0.05,True,0,1.237,2.4,1.5,0,0
bspline,on,15,1,2.0,0.05,True,0,2.145,2.1,1.5,0,0
bspline,on,15,2,2.0,0.05,True,0,2.203,2.1,1.5,0,0
bspline,on,15,3,2.0,0.05,True,0,0.847,2.7,2.32,0,0
bspline,on,15,4,2.0,0.05,True,0,1.181,2.7,2.54,0,0
bspline,on,15,5,2.0,0.05,True,0,1.002,2.7,2.8,0,0
bspline,on,16,0,2.0,0.05,True,0,1.729,2.1,1.5,0,0
bspline,on,16,1,2.0,0.05,True,0,1.181,2.7,2.32,0,0
bspline,on,16,2,2.0,0.05,True,0,1.151,2.1,1.5,0,0
bspline,on,16,3,2.0,0.05,True,0,2.202,2.1,1.5,0,0
bspline,on,16,4,2.0,0.05,True,0,2.202,2.1,1.5,0,0
bspline,on,16,5,2.0,0.05,True,0,2.153,2.1,1.5,0,0
bspline,on,17,0,2.0,0.05,True,0,2.202,2.1,1.5,0,0
bspline,on,17,1,2.0,0.05,True,0,2.202,2.1,1.5,0,0
bspline,on,17,2,2.0,0.05,True,0,1.206,2.4,1.5,0,0
bspline,on,17,3,2.0,0.05,True,0,2.201,2.1,1.5,0,0
bspline,on,17,4,2.0,0.05,True,0,3.291,2.1,1.5,0,0
bspline,on,17,5,2.0,0.05,True,0,2.197,2.1,1.5,0,0
bspline,on,18,0,2.0,0.05,True,0,2.202,2.1,1.5,0,0
bspline,on,18,1,2.0,0.05,True,0,1.526,2.7,2.49,0,0
bspline,on,18,2,2.0,0.05,True,0,1.447,2.7,2.62,0,0
bspline,on,18,3,2.0,0.05,True,0,2.202,2.1,1.5,0,0
bspline,on,18,4,2.0,0.05,True,0,2.195,2.1,1.5,0,0
bspline,on,18,5,2.0,0.05,True,0,2.202,2.1,1.5,0,0
bspline,on,19,0,2.0,0.05,True,0,9.808,2.1,1.5,0,0
bspline,on,19,1,2.0,0.05,True,0,1.19,2.4,2.63,0,0
bspline,on,19,2,2.0,0.05,True,0,1.081,2.4,1.5,0,0
bspline,on,19,3,2.0,0.05,True,0,1.717,2.1,1.5,0,0
bspline,on,19,4,2.0,0.05,True,0,1.366,2.1,1.5,0,0
bspline,on,19,5,2.0,0.05,True,0,0.999,2.4,1.5,0,0
bspline,on,0,0,3.0,0.05,True,0,2.067,1.8,1.5,0,0
bspline,on,0,1,3.0,0.05,True,0,0.972,1.8,1.5,0,0
bspline,on,0,2,3.0,0.05,True,0,1.626,2.1,1.5,0,0
bspline,on,0,3,3.0,0.05,True,0,2.219,1.8,1.5,0,0
bspline,on,0,4,3.0,0.05,True,0,2.218,1.8,1.5,0,0
bspline,on,0,5,3.0,0.05,True,0,1.437,2.1,1.5,0,0
bspline,on,1,0,3.0,0.05,True,0,2.067,1.8,1.5,0,0
bspline,on,1,1,3.0,0.05,True,0,1.196,1.8,1.5,0,0
bspline,on,1,2,3.0,0.05,True,0,2.212,1.8,1.5,0,0
bspline,on,1,3,3.0,0.05,True,0,0.889,1.8,1.5,0,0
bspline,on,1,4,3.0,0.05,True,0,1.791,1.8,1.5,0,0
bspline,on,1,5,3.0,0.05,True,0,1.594,1.8,1.5,0,0
bspline,on,2,0,3.0,0.05,True,0,1.544,1.8,1.5,0,0
bspline,on,2,1,3.0,0.05,True,0,2.11,1.8,1.5,0,0
bspline,on,2,2,3.0,0.05,True,0,2.219,1.8,1.5,0,0
bspline,on,2,3,3.0,0.05,True,0,2.498,2.7,2.49,0,0
bspline,on,2,4,3.0,0.05,True,0,2.213,1.8,1.5,0,0
bspline,on,2,5,3.0,0.05,True,0,1.305,2.7,1.5,0,0
bspline,on,3,0,3.0,0.05,True,0,2.088,1.8,1.5,0,0
bspline,on,3,1,3.0,0.05,True,0,1.766,2.1,1.5,0,0
bspline,on,3,2,3.0,0.05,True,0,2.219,1.8,1.5,0,0
bspline,on,3,3,3.0,0.05,True,0,2.226,1.8,1.5,0,0
bspline,on,3,4,3.0,0.05,True,0,2.132,1.8,1.5,0,0
bspline,on,3,5,3.0,0.05,True,0,1.305,1.8,1.5,0,0
bspline,on,4,0,3.0,0.05,True,0,2.011,1.8,1.5,0,0
bspline,on,4,1,3.0,0.05,True,0,2.231,1.8,1.5,0,0
bspline,on,4,2,3.0,0.05,True,0,2.219,1.8,1.5,0,0
bspline,on,4,3,3.0,0.05,True,0,2.223,1.8,1.5,0,0
bspline,on,4,4,3.0,0.05,True,0,1.377,1.8,1.5,0,0
bspline,on,4,5,3.0,0.05,True,0,2.201,1.8,1.5,0,0
bspline,on,5,0,3.0,0.05,True,0,2.219,1.8,1.5,0,0
bspline,on,5,1,3.0,0.05,True,0,2.219,1.8,1.5,0,0
bspline,on,5,2,3.0,0.05,True,0,2.219,1.8,1.5,0,0
bspline,on,5,3,3.0,0.05,True,0,1.731,2.4,1.5,0,0
bspline,on,5,4,3.0,0.05,True,0,2.219,1.8,1.5,0,0
bspline,on,5,5,3.0,0.05,True,0,2.222,1.8,1.5,0,0
bspline,on,6,0,3.0,0.05,True,0,2.219,1.8,1.5,0,0
bspline,on,6,1,3.0,0.05,True,0,2.226,1.8,1.5,0,0
bspline,on,6,2,3.0,0.05,True,0,1.105,2.1,1.5,0,0
bspline,on,6,3,3.0,0.05,True,0,2.219,1.8,1.5,0,0
bspline,on,6,4,3.0,0.05,True,0,2.219,1.8,1.5,0,0
bspline,on,6,5,3.0,0.05,True,0,2.219,1.8,1.5,0,0
bspline,on,7,0,3.0,0.05,True,0,2.219,1.8,1.5,0,0
bspline,on,7,1,3.0,0.05,True,0,2.219,1.8,1.5,0,0
bspline,on,7,2,3.0,0.05,True,0,0.846,1.8,1.5,0,0
bspline,on,7,3,3.0,0.05,True,0,1.107,2.1,1.5,0,0
bspline,on,7,4,3.0,0.05,True,0,0.969,1.8,1.5,0,0
bspline,on,7,5,3.0,0.05,True,0,0.946,1.8,1.5,0,0
bspline,on,8,0,3.0,0.05,True,0,0.935,1.8,1.5,0,0
bspline,on,8,1,3.0,0.05,True,0,1.796,1.8,1.5,0,0
bspline,on,8,2,3.0,0.05,True,0,1.727,1.8,1.5,0,0
bspline,on,8,3,3.0,0.05,True,0,0.866,2.1,1.5,0,0
bspline,on,8,4,3.0,0.05,True,0,2.219,1.8,1.5,0,0
bspline,on,8,5,3.0,0.05,True,0,1.246,2.4,2.84,0,0
bspline,on,9,0,3.0,0.05,True,0,1.772,1.8,1.5,0,0
bspline,on,9,1,3.0,0.05,True,0,8.252,1.8,1.5,0,0
bspline,on,9,2,3.0,0.05,True,0,1.128,2.1,1.5,0,0
bspline,on,9,3,3.0,0.05,True,0,1.386,2.1,1.5,0,0
bspline,on,9,4,3.0,0.05,True,0,1.541,1.8,1.5,0,0
bspline,on,9,5,3.0,0.05,True,0,1.215,2.1,1.5,0,0
bspline,on,10,0,3.0,0.05,True,0,2.204,2.1,1.5,0,0
bspline,on,10,1,3.0,0.05,True,0,2.219,1.8,1.5,0,0
bspline,on,10,2,3.0,0.05,True,0,1.57,1.8,1.5,0,0
bspline,on,10,3,3.0,0.05,True,0,2.218,1.8,1.5,0,0
bspline,on,10,4,3.0,0.05,True,0,2.208,1.8,1.5,0,0
bspline,on,10,5,3.0,0.05,True,0,0.894,1.8,1.5,0,0
bspline,on,11,0,3.0,0.05,True,0,0.997,3.3,2.6,0,0
bspline,on,11,1,3.0,0.05,True,0,2.219,1.8,1.5,0,0
bspline,on,11,2,3.0,0.05,True,0,1.696,1.8,1.5,0,0
bspline,on,11,3,3.0,0.05,True,0,1.73,2.4,1.5,0,0
bspline,on,11,4,3.0,0.05,True,0,1.185,2.4,2.77,0,0
bspline,on,11,5,3.0,0.05,True,0,1.219,1.8,1.5,0,0
bspline,on,12,0,3.0,0.05,True,0,1.011,3.3,2.61,0,0
bspline,on,12,1,3.0,0.05,True,0,1.259,1.8,1.5,0,0
bspline,on,12,2,3.0,0.05,True,0,0.864,2.4,2.77,0,0
bspline,on,12,3,3.0,0.05,True,0,1.43,2.1,1.5,0,0
bspline,on,12,4,3.0,0.05,True,0,4.568,1.8,1.5,0,0
bspline,on,12,5,3.0,0.05,True,0,1.651,2.1,1.5,0,0
bspline,on,13,0,3.0,0.05,True,0,1.471,2.1,2.6,0,0
bspline,on,13,1,3.0,0.05,True,0,2.163,1.8,1.5,0,0
bspline,on,13,2,3.0,0.05,True,0,2.181,1.8,1.5,0,0
bspline,on,13,3,3.0,0.05,True,0,2.209,1.8,1.5,0,0
bspline,on,13,4,3.0,0.05,True,0,1.65,2.1,1.5,0,0
bspline,on,13,5,3.0,0.05,True,0,0.889,1.8,1.5,0,0
bspline,on,14,0,3.0,0.05,True,0,1.288,2.1,1.5,0,0
bspline,on,14,1,3.0,0.05,True,0,2.203,1.8,1.5,0,0
bspline,on,14,2,3.0,0.05,True,0,5.205,1.8,1.5,0,0
bspline,on,14,3,3.0,0.05,True,0,2.219,1.8,1.5,0,0
bspline,on,14,4,3.0,0.05,True,0,2.133,1.8,1.5,0,0
bspline,on,14,5,3.0,0.05,True,0,2.219,1.8,1.5,0,0
bspline,on,15,0,3.0,0.05,True,0,1.337,2.1,1.5,0,0
bspline,on,15,1,3.0,0.05,True,0,2.162,1.8,1.5,0,0
bspline,on,15,2,3.0,0.05,True,0,2.212,1.8,1.5,0,0
bspline,on,15,3,3.0,0.05,True,0,1.562,2.4,1.5,0,0
bspline,on,15,4,3.0,0.05,True,0,1.207,2.4,2.54,0,0
bspline,on,15,5,3.0,0.05,True,0,1.037,2.4,2.83,0,0
bspline,on,16,0,3.0,0.05,True,0,1.765,1.8,1.5,0,0
bspline,on,16,1,3.0,0.05,True,0,0.97,1.8,1.5,0,0
bspline,on,16,2,3.0,0.05,True,0,1.542,2.1,1.5,0,0
bspline,on,16,3,3.0,0.05,True,0,2.217,1.8,1.5,0,0
bspline,on,16,4,3.0,0.05,True,0,2.219,1.8,1.5,0,0
bspline,on,16,5,3.0,0.05,True,0,2.209,1.8,1.5,0,0
bspline,on,17,0,3.0,0.05,True,0,2.219,1.8,1.5,0,0
bspline,on,17,1,3.0,0.05,True,0,2.219,1.8,1.5,0,0
bspline,on,17,2,3.0,0.05,True,0,0.926,1.8,1.5,0,0
bspline,on,17,3,3.0,0.05,True,0,2.199,1.8,1.5,0,0
bspline,on,17,4,3.0,0.05,True,0,3.646,1.8,1.5,0,0
bspline,on,17,5,3.0,0.05,True,0,2.122,1.8,1.5,0,0
bspline,on,18,0,3.0,0.05,True,0,2.219,1.8,1.5,0,0
bspline,on,18,1,3.0,0.05,True,0,2.804,2.1,1.5,0,0
bspline,on,18,2,3.0,0.05,True,0,1.81,2.4,2.58,0,0
bspline,on,18,3,3.0,0.05,True,0,2.219,1.8,1.5,0,0
bspline,on,18,4,3.0,0.05,True,0,2.232,1.8,1.5,0,0
bspline,on,18,5,3.0,0.05,True,0,2.219,1.8,1.5,0,0
bspline,on,19,0,3.0,0.05,True,0,10.008,1.8,1.5,0,0
bspline,on,19,1,3.0,0.05,True,0,1.197,3.0,2.8,0,0
bspline,on,19,2,3.0,0.05,True,0,1.412,2.1,1.5,0,0
bspline,on,19,3,3.0,0.05,True,0,1.806,1.8,1.5,0,0
bspline,on,19,4,3.0,0.05,True,0,1.451,1.8,1.5,0,0
bspline,on,19,5,3.0,0.05,True,0,1.904,1.8,1.5,0,0
bspline,on,0,0,4.0,0.05,True,0,2.08,1.5,1.5,0,0
bspline,on,0,1,4.0,0.05,True,0,1.477,2.1,1.5,0,0
bspline,on,0,2,4.0,0.05,True,0,1.441,1.8,1.5,0,0
bspline,on,0,3,4.0,0.05,True,0,2.296,1.5,1.5,0,0
bspline,on,0,4,4.0,0.05,True,0,2.295,1.5,1.5,0,0
bspline,on,0,5,4.0,0.05,True,0,1.154,1.8,1.5,0,0
bspline,on,1,0,4.0,0.05,True,0,2.229,1.5,1.5,0,0
bspline,on,1,1,4.0,0.05,True,0,1.302,1.8,1.5,0,0
bspline,on,1,2,4.0,0.05,True,0,2.289,1.5,1.5,0,0
bspline,on,1,3,4.0,0.05,True,0,1.527,1.8,1.5,0,0
bspline,on,1,4,4.0,0.05,True,0,1.582,1.8,1.5,0,0
bspline,on,1,5,4.0,0.05,True,0,1.855,1.5,1.5,0,0
bspline,on,2,0,4.0,0.05,True,0,1.739,1.5,1.5,0,0
bspline,on,2,1,4.0,0.05,True,0,2.19,1.5,1.5,0,0
bspline,on,2,2,4.0,0.05,True,0,2.296,1.5,1.5,0,0
bspline,on,2,3,4.0,0.05,True,0,2.236,2.4,2.49,0,0
bspline,on,2,4,4.0,0.05,True,0,2.292,1.5,1.5,0,0
bspline,on,2,5,4.0,0.05,True,0,1.262,2.7,2.42,0,0
bspline,on,3,0,4.0,0.05,True,0,1.989,1.5,1.5,0,0
bspline,on,3,1,4.0,0.05,True,0,0.929,1.8,1.5,0,0
bspline,on,3,2,4.0,0.05,True,0,2.296,1.5,1.5,0,0
bspline,on,3,3,4.0,0.05,True,0,2.313,1.5,1.5,0,0
bspline,on,3,4,4.0,0.05,True,0,2.194,1.5,1.5,0,0
bspline,on,3,5,4.0,0.05,True,0,1.511,1.8,1.5,0,0
bspline,on,4,0,4.0,0.05,True,0,2.145,1.5,1.5,0,0
bspline,on,4,1,4.0,0.05,True,0,2.396,1.5,1.5,0,0
bspline,on,4,2,4.0,0.05,True,0,2.296,1.5,1.5,0,0
bspline,on,4,3,4.0,0.05,True,0,2.308,1.5,1.5,0,0
bspline,on,4,4,4.0,0.05,True,0,1.191,1.5,1.5,0,0
bspline,on,4,5,4.0,0.05,True,0,1.307,1.5,1.5,0,0
bspline,on,5,0,4.0,0.05,True,0,2.296,1.5,1.5,0,0
bspline,on,5,1,4.0,0.05,True,0,2.296,1.5,1.5,0,0
bspline,on,5,2,4.0,0.05,True,0,2.296,1.5,1.5,0,0
bspline,on,5,3,4.0,0.05,True,0,0.966,2.1,1.5,0,0
bspline,on,5,4,4.0,0.05,True,0,2.296,1.5,1.5,0,0
bspline,on,5,5,4.0,0.05,True,0,2.303,1.5,1.5,0,0
bspline,on,6,0,4.0,0.05,True,0,2.296,1.5,1.5,0,0
bspline,on,6,1,4.0,0.05,True,0,2.315,1.5,1.5,0,0
bspline,on,6,2,4.0,0.05,True,0,2.145,1.8,1.5,0,0
bspline,on,6,3,4.0,0.05,True,0,2.296,1.5,1.5,0,0
bspline,on,6,4,4.0,0.05,True,0,2.296,1.5,1.5,0,0
bspline,on,6,5,4.0,0.05,True,0,2.296,1.5,1.5,0,0
bspline,on,7,0,4.0,0.05,True,0,2.296,1.5,1.5,0,0
bspline,on,7,1,4.0,0.05,True,0,2.296,1.5,1.5,0,0
bspline,on,7,2,4.0,0.05,True,0,1.433,1.8,1.5,0,0
bspline,on,7,3,4.0,0.05,True,0,1.478,1.8,1.5,0,0
bspline,on,7,4,4.0,0.05,True,0,1.479,1.8,1.5,0,0
bspline,on,7,5,4.0,0.05,True,0,1.096,1.5,1.5,0,0
bspline,on,8,0,4.0,0.05,True,0,1.697,1.8,1.5,0,0
bspline,on,8,1,4.0,0.05,True,0,1.916,1.5,1.5,0,0
bspline,on,8,2,4.0,0.05,True,0,1.781,1.8,1.5,0,0
bspline,on,8,3,4.0,0.05,True,0,1.318,2.1,1.5,0,0
bspline,on,8,4,4.0,0.05,True,0,2.296,1.5,1.5,0,0
bspline,on,8,5,4.0,0.05,True,0,1.353,1.8,1.5,0,0
bspline,on,9,0,4.0,0.05,True,0,1.867,1.5,1.5,0,0
bspline,on,9,1,4.0,0.05,True,0,9.942,1.5,1.5,0,0
bspline,on,9,2,4.0,0.05,True,0,1.006,1.8,1.5,0,0
bspline,on,9,3,4.0,0.05,True,0,1.622,1.8,1.5,0,0
bspline,on,9,4,4.0,0.05,True,0,1.384,1.8,1.5,0,0
bspline,on,9,5,4.0,0.05,True,0,0.999,1.8,1.5,0,0
bspline,on,10,0,4.0,0.05,True,0,2.461,2.1,1.5,0,0
bspline,on,10,1,4.0,0.05,True,0,2.296,1.5,1.5,0,0
bspline,on,10,2,4.0,0.05,True,0,1.563,1.8,1.5,0,0
bspline,on,10,3,4.0,0.05,True,0,2.309,1.5,1.5,0,0
bspline,on,10,4,4.0,0.05,True,0,1.538,1.5,1.5,0,0
bspline,on,10,5,4.0,0.05,True,0,1.004,1.5,1.5,0,0
bspline,on,11,0,4.0,0.05,True,0,2.088,2.4,2.22,0,0
bspline,on,11,1,4.0,0.05,True,0,2.296,1.5,1.5,0,0
bspline,on,11,2,4.0,0.05,True,0,1.799,1.5,1.5,0,0
bspline,on,11,3,4.0,0.05,True,0,1.024,1.8,1.5,0,0
bspline,on,11,4,4.0,0.05,True,0,1.042,2.1,1.5,0,0
bspline,on,11,5,4.0,0.05,True,0,1.293,1.8,1.5,0,0
bspline,on,12,0,4.0,0.05,True,0,1.084,2.4,2.59,0,0
bspline,on,12,1,4.0,0.05,True,0,1.493,1.8,1.5,0,0
bspline,on,12,2,4.0,0.05,True,0,1.65,2.4,2.84,0,0
bspline,on,12,3,4.0,0.05,True,0,1.211,1.8,1.5,0,0
bspline,on,12,4,4.0,0.05,True,0,4.58,1.5,1.5,0,0
bspline,on,12,5,4.0,0.05,True,0,1.47,1.8,1.5,0,0
bspline,on,13,0,4.0,0.05,True,0,1.563,1.8,2.61,0,0
bspline,on,13,1,4.0,0.05,True,0,2.237,1.5,1.5,0,0
bspline,on,13,2,4.0,0.05,True,0,2.26,1.5,1.5,0,0
bspline,on,13,3,4.0,0.05,True,0,2.276,1.5,1.5,0,0
bspline,on,13,4,4.0,0.05,True,0,1.469,1.8,1.5,0,0
bspline,on,13,5,4.0,0.05,True,0,1.556,1.8,1.5,0,0
bspline,on,14,0,4.0,0.05,True,0,1.359,2.1,1.5,0,0
bspline,on,14,1,4.0,0.05,True,0,2.298,1.5,1.5,0,0
bspline,on,14,2,4.0,0.05,True,0,5.661,1.5,1.5,0,0
bspline,on,14,3,4.0,0.05,True,0,2.296,1.5,1.5,0,0
bspline,on,14,4,4.0,0.05,True,0,2.213,1.5,1.5,0,0
bspline,on,14,5,4.0,0.05,True,0,2.296,1.5,1.5,0,0
bspline,on,15,0,4.0,0.05,True,0,0.967,2.1,1.5,0,0
bspline,on,15,1,4.0,0.05,True,0,2.241,1.5,1.5,0,0
bspline,on,15,2,4.0,0.05,True,0,2.281,1.5,1.5,0,0
bspline,on,15,3,4.0,0.05,True,0,0.983,2.1,1.5,0,0
bspline,on,15,4,4.0,0.05,True,0,1.304,2.1,2.54,0,0
bspline,on,15,5,4.0,0.05,True,0,1.122,2.4,2.84,0,0
bspline,on,16,0,4.0,0.05,True,0,1.826,1.5,1.5,0,0
bspline,on,16,1,4.0,0.05,True,0,1.256,2.4,2.84,0,0
bspline,on,16,2,4.0,0.05,True,0,1.945,2.1,1.5,0,0
bspline,on,16,3,4.0,0.05,True,0,2.294,1.5,1.5,0,0
bspline,on,16,4,4.0,0.05,True,0,2.296,1.5,1.5,0,0
bspline,on,16,5,4.0,0.05,True,0,2.325,1.5,1.5,0,0
bspline,on,17,0,4.0,0.05,True,0,2.296,1.5,1.5,0,0
bspline,on,17,1,4.0,0.05,True,0,2.297,1.5,1.5,0,0
bspline,on,17,2,4.0,0.05,True,0,1.571,2.1,1.5,0,0
bspline,on,17,3,4.0,0.05,True,0,2.259,1.5,1.5,0,0
bspline,on,17,4,4.0,0.05,True,0,3.732,1.5,1.5,0,0
bspline,on,17,5,4.0,0.05,True,0,2.111,1.5,1.5,0,0
bspline,on,18,0,4.0,0.05,True,0,2.296,1.5,1.5,0,0
bspline,on,18,1,4.0,0.05,True,0,2.661,2.1,2.22,0,0
bspline,on,18,2,4.0,0.05,True,0,1.928,2.4,2.31,0,0
bspline,on,18,3,4.0,0.05,True,0,2.296,1.5,1.5,0,0
bspline,on,18,4,4.0,0.05,True,0,2.328,1.5,1.5,0,0
bspline,on,18,5,4.0,0.05,True,0,2.296,1.5,1.5,0,0
bspline,on,19,0,4.0,0.05,True,0,10.208,1.5,1.5,0,0
bspline,on,19,1,4.0,0.05,True,0,0.991,3.0,2.56,0,0
bspline,on,19,2,4.0,0.05,True,0,1.237,1.8,1.5,0,0
bspline,on,19,3,4.0,0.05,True,0,1.96,1.5,1.5,0,0
bspline,on,19,4,4.0,0.05,True,0,1.614,1.5,1.5,0,0
bspline,on,19,5,4.0,0.05,True,0,2.221,1.8,1.5,0,0
ego,off,0,0,2.0,0.05,True,0,0.76,9.6,1.5,0,0
ego,off,0,1,2.0,0.05,True,0,1.207,6.9,1.5,0,0
ego,off,0,2,2.0,0.05,True,0,1.565,6.6,1.5,0,0
ego,off,0,3,2.0,0.05,True,0,1.092,8.4,1.5,0,0
ego,off,0,4,2.0,0.05,True,0,1.092,8.1,1.5,0,0
ego,off,0,5,2.0,0.05,True,0,1.14,6.9,1.63,0,0
ego,off,1,0,2.0,0.05,True,0,0.365,11.7,1.5,0,0
ego,off,1,1,2.0,0.05,True,0,1.748,6.9,1.5,0,0
ego,off,1,2,2.0,0.05,True,0,0.705,9.3,1.5,0,0
ego,off,1,3,2.0,0.05,True,0,1.27,6.9,1.5,0,0
ego,off,1,4,2.0,0.05,True,0,1.506,6.9,4.03,0,0
ego,off,1,5,2.0,0.05,True,0,0.15,6.6,1.5,0,0
ego,off,2,0,2.0,0.05,True,0,1.61,6.9,1.5,0,0
ego,off,2,1,2.0,0.05,True,0,1.053,7.8,1.5,0,0
ego,off,2,2,2.0,0.05,True,0,0.924,8.1,1.5,0,0
ego,off,2,3,2.0,0.05,True,1,-0.171,9.9,1.57,0,0
ego,off,2,4,2.0,0.05,True,0,1.192,8.7,1.5,0,0
ego,off,2,5,2.0,0.05,True,0,1.021,9.0,1.53,0,0
ego,off,3,0,2.0,0.05,True,1,-0.108,10.8,1.5,0,0
ego,off,3,1,2.0,0.05,True,0,1.561,6.6,1.5,0,0
ego,off,3,2,2.0,0.05,True,0,1.158,7.8,1.5,0,0
ego,off,3,3,2.0,0.05,True,0,0.459,10.2,1.5,0,0
ego,off,3,4,2.0,0.05,True,0,0.652,9.3,1.5,0,0
ego,off,3,5,2.0,0.05,True,0,0.852,10.5,3.73,0,0
ego,off,4,0,2.0,0.05,True,0,0.46,12.0,1.5,0,0
ego,off,4,1,2.0,0.05,True,0,1.01,7.8,1.5,0,0
ego,off,4,2,2.0,0.05,True,0,0.831,9.0,1.5,0,0
ego,off,4,3,2.0,0.05,True,0,0.604,9.6,1.5,0,0
ego,off,4,4,2.0,0.05,True,0,1.155,8.1,1.5,0,0
ego,off,4,5,2.0,0.05,True,0,1.135,6.6,1.5,0,0
ego,off,5,0,2.0,0.05,True,0,0.333,9.3,1.5,0,0
ego,off,5,1,2.0,0.05,True,1,-0.011,11.1,1.5,0,0
ego,off,5,2,2.0,0.05,False,0,0.636,15.9,1.5,0,0
ego,off,5,3,2.0,0.05,True,0,0.114,9.9,1.5,0,0
ego,off,5,4,2.0,0.05,True,0,0.696,8.7,1.5,0,0
ego,off,5,5,2.0,0.05,True,0,0.729,9.0,1.5,0,0
ego,off,6,0,2.0,0.05,True,0,0.605,9.3,1.5,0,0
ego,off,6,1,2.0,0.05,True,0,0.616,9.0,1.5,0,0
ego,off,6,2,2.0,0.05,True,0,0.897,8.7,1.5,0,0
ego,off,6,3,2.0,0.05,True,0,0.635,8.7,1.5,0,0
ego,off,6,4,2.0,0.05,True,0,0.933,8.4,1.5,0,0
ego,off,6,5,2.0,0.05,True,0,0.778,8.7,1.5,0,0
ego,off,7,0,2.0,0.05,True,0,1.216,8.4,1.5,0,0
ego,off,7,1,2.0,0.05,True,0,0.566,9.3,1.5,0,0
ego,off,7,2,2.0,0.05,True,0,1.611,6.9,1.5,0,0
ego,off,7,3,2.0,0.05,True,0,0.064,12.0,1.5,0,0
ego,off,7,4,2.0,0.05,True,0,1.305,6.3,1.5,0,0
ego,off,7,5,2.0,0.05,True,0,0.452,9.0,1.5,0,0
ego,off,8,0,2.0,0.05,True,0,0.96,9.0,2.88,0,0
ego,off,8,1,2.0,0.05,False,0,0.638,13.5,1.5,0,0
ego,off,8,2,2.0,0.05,True,1,-0.027,10.8,1.67,0,0
ego,off,8,3,2.0,0.05,True,0,1.267,13.2,1.5,0,0
ego,off,8,4,2.0,0.05,True,0,0.756,9.0,1.5,0,0
ego,off,8,5,2.0,0.05,True,0,0.755,9.0,1.5,0,0
ego,off,9,0,2.0,0.05,True,0,0.671,9.3,1.5,0,0
ego,off,9,1,2.0,0.05,True,0,0.305,9.6,1.5,0,0
ego,off,9,2,2.0,0.05,True,0,1.198,12.0,1.5,0,0
ego,off,9,3,2.0,0.05,True,0,1.296,6.6,4.68,0,0
ego,off,9,4,2.0,0.05,True,0,0.014,9.9,1.5,0,0
ego,off,9,5,2.0,0.05,True,0,1.671,6.9,2.91,0,0
ego,off,10,0,2.0,0.05,True,0,1.581,6.9,1.5,0,0
ego,off,10,1,2.0,0.05,True,0,1.026,8.4,1.5,0,0
ego,off,10,2,2.0,0.05,True,0,1.791,6.9,1.5,0,0
ego,off,10,3,2.0,0.05,True,1,-0.06,10.8,1.5,0,0
ego,off,10,4,2.0,0.05,True,0,1.384,8.4,4.05,0,0
ego,off,10,5,2.0,0.05,True,0,1.395,7.5,1.5,0,0
ego,off,11,0,2.0,0.05,True,0,3.891,8.4,1.63,0,0
ego,off,11,1,2.0,0.05,True,1,-0.128,11.4,1.5,0,0
ego,off,11,2,2.0,0.05,True,0,0.186,11.1,1.5,0,0
ego,off,11,3,2.0,0.05,True,0,0.013,13.5,1.5,0,0
ego,off,11,4,2.0,0.05,True,0,0.762,9.0,1.5,0,0
ego,off,11,5,2.0,0.05,True,0,0.043,12.0,1.5,0,0
ego,off,12,0,2.0,0.05,True,0,0.569,8.4,1.9,0,0
ego,off,12,1,2.0,0.05,True,1,-0.036,7.2,1.5,0,0
ego,off,12,2,2.0,0.05,True,0,2.643,9.3,1.6,0,0
ego,off,12,3,2.0,0.05,True,0,1.11,6.9,3.0,0,0
ego,off,12,4,2.0,0.05,True,0,1.812,6.9,4.34,0,0
ego,off,12,5,2.0,0.05,True,0,1.559,6.9,1.5,0,0
ego,off,13,0,2.0,0.05,True,0,0.905,10.8,1.5,0,0
ego,off,13,1,2.0,0.05,True,0,1.165,8.1,1.5,0,0
ego,off,13,2,2.0,0.05,True,0,0.173,12.0,1.5,0,0
ego,off,13,3,2.0,0.05,True,0,0.575,9.3,1.5,0,0
ego,off,13,4,2.0,0.05,True,0,1.115,6.9,1.51,0,0
ego,off,13,5,2.0,0.05,True,0,1.482,6.9,1.5,0,0
ego,off,14,0,2.0,0.05,True,1,-0.201,12.6,1.5,0,0
ego,off,14,1,2.0,0.05,True,0,1.149,8.1,1.5,0,0
ego,off,14,2,2.0,0.05,True,0,1.303,6.9,3.04,0,0
ego,off,14,3,2.0,0.05,True,0,1.247,8.1,1.5,0,0
ego,off,14,4,2.0,0.05,True,0,0.762,11.4,1.5,0,0
ego,off,14,5,2.0,0.05,True,0,0.657,9.3,1.5,0,0
ego,off,15,0,2.0,0.05,True,0,0.699,10.2,1.5,0,0
ego,off,15,1,2.0,0.05,True,0,0.072,10.8,1.5,0,0
ego,off,15,2,2.0,0.05,True,0,0.373,9.9,1.5,0,0
ego,off,15,3,2.0,0.05,True,0,1.762,9.6,1.5,0,0
ego,off,15,4,2.0,0.05,True,0,0.651,8.1,2.48,0,0
ego,off,15,5,2.0,0.05,True,0,0.458,7.2,1.5,0,0
ego,off,16,0,2.0,0.05,True,0,0.683,9.3,1.5,0,0
ego,off,16,1,2.0,0.05,True,0,0.121,10.2,1.91,0,0
ego,off,16,2,2.0,0.05,True,0,1.591,6.9,3.75,0,0
ego,off,16,3,2.0,0.05,True,0,1.618,7.5,1.5,0,0
ego,off,16,4,2.0,0.05,True,0,0.24,12.9,1.5,0,0
ego,off,16,5,2.0,0.05,True,0,0.889,8.4,1.5,0,0
ego,off,17,0,2.0,0.05,True,0,1.169,7.8,1.5,0,0
ego,off,17,1,2.0,0.05,True,0,0.571,11.7,1.5,0,0
ego,off,17,2,2.0,0.05,True,0,1.32,6.9,3.21,0,0
ego,off,17,3,2.0,0.05,True,1,-0.294,11.7,1.5,0,0
ego,off,17,4,2.0,0.05,True,0,0.43,8.7,1.5,0,0
ego,off,17,5,2.0,0.05,True,0,2.128,6.9,1.5,0,0
ego,off,18,0,2.0,0.05,True,0,0.52,9.6,1.5,0,0
ego,off,18,1,2.0,0.05,True,1,-0.069,7.5,1.5,0,0
ego,off,18,2,2.0,0.05,True,0,0.433,8.7,4.77,0,0
ego,off,18,3,2.0,0.05,True,0,0.584,9.3,1.5,0,0
ego,off,18,4,2.0,0.05,True,0,1.132,8.1,1.5,0,0
ego,off,18,5,2.0,0.05,True,0,0.917,8.7,1.5,0,0
ego,off,19,0,2.0,0.05,True,0,0.609,9.3,1.59,0,0
ego,off,19,1,2.0,0.05,True,0,2.004,8.1,2.29,0,0
ego,off,19,2,2.0,0.05,True,0,1.097,8.1,1.5,0,0
ego,off,19,3,2.0,0.05,True,0,0.014,9.3,1.5,0,0
ego,off,19,4,2.0,0.05,True,0,0.101,9.9,1.5,0,0
ego,off,19,5,2.0,0.05,True,1,-0.157,11.1,1.5,0,0
ego,off,0,0,3.0,0.05,True,0,0.186,7.8,1.5,0,0
ego,off,0,1,3.0,0.05,True,0,1.482,4.5,3.77,0,0
ego,off,0,2,3.0,0.05,True,0,1.534,4.8,1.5,0,0
ego,off,0,3,3.0,0.05,True,0,1.393,4.8,1.5,0,0
ego,off,0,4,3.0,0.05,True,1,-0.009,7.8,1.5,0,0
ego,off,0,5,3.0,0.05,True,0,1.069,6.3,2.52,0,0
ego,off,1,0,3.0,0.05,True,0,0.38,12.3,1.5,0,0
ego,off,1,1,3.0,0.05,True,0,1.619,5.1,1.53,0,0
ego,off,1,2,3.0,0.05,True,0,0.797,7.5,1.5,0,0
ego,off,1,3,3.0,0.05,True,0,1.841,5.1,1.5,0,0
ego,off,1,4,3.0,0.05,True,0,1.182,5.1,3.81,0,0
ego,off,1,5,3.0,0.05,True,0,0.282,5.1,1.5,0,0
ego,off,2,0,3.0,0.05,True,0,1.366,4.8,1.5,0,0
ego,off,2,1,3.0,0.05,True,0,0.415,9.3,1.5,0,0
ego,off,2,2,3.0,0.05,True,0,1.157,5.4,1.5,0,0
ego,off,2,3,3.0,0.05,True,0,0.695,8.4,2.17,0,0
ego,off,2,4,3.0,0.05,True,0,0.873,7.2,1.5,0,0
ego,off,2,5,3.0,0.05,True,0,0.641,7.5,1.5,0,0
ego,off,3,0,3.0,0.05,True,0,0.054,9.3,1.5,0,0
ego,off,3,1,3.0,0.05,True,0,1.375,4.5,1.59,0,0
ego,off,3,2,3.0,0.05,True,0,1.471,5.1,1.5,0,0
ego,off,3,3,3.0,0.05,True,1,-0.066,8.4,1.5,0,0
ego,off,3,4,3.0,0.05,True,0,1.019,6.9,1.5,0,0
ego,off,3,5,3.0,0.05,True,0,1.768,6.0,4.16,0,0
ego,off,4,0,3.0,0.05,True,0,0.825,7.2,1.5,0,0
ego,off,4,1,3.0,0.05,True,0,1.569,4.8,1.5,0,0
ego,off,4,2,3.0,0.05,True,0,0.227,7.8,1.5,0,0
ego,off,4,3,3.0,0.05,True,0,0.834,7.2,1.5,0,0
ego,off,4,4,3.0,0.05,True,0,1.386,4.8,1.5,0,0
ego,off,4,5,3.0,0.05,True,0,1.925,5.1,1.5,0,0
ego,off,5,0,3.0,0.05,True,0,1.547,5.1,1.5,0,0
ego,off,5,1,3.0,0.05,True,0,0.05,9.9,1.5,0,0
ego,off,5,2,3.0,0.05,True,0,1.054,6.3,1.5,0,0
ego,off,5,3,3.0,0.05,True,0,1.314,4.8,1.5,0,0
ego,off,5,4,3.0,0.05,True,0,0.901,7.2,1.5,0,0
ego,off,5,5,3.0,0.05,True,0,0.006,7.8,1.5,0,0
ego,off,6,0,3.0,0.05,True,0,1.546,5.1,1.5,0,0
ego,off,6,1,3.0,0.05,True,0,1.584,5.1,1.5,0,0
ego,off,6,2,3.0,0.05,True,0,0.725,7.5,1.5,0,0
ego,off,6,3,3.0,0.05,True,1,-0.25,7.5,1.5,0,0
ego,off,6,4,3.0,0.05,True,1,-0.058,7.8,1.5,0,0
ego,off,6,5,3.0,0.05,True,1,-0.165,7.5,1.5,0,0
ego,off,7,0,3.0,0.05,True,1,-0.153,8.4,1.5,0,0
ego,off,7,1,3.0,0.05,True,0,1.517,5.1,1.5,0,0
ego,off,7,2,3.0,0.05,True,0,1.192,4.8,1.5,0,0
ego,off,7,3,3.0,0.05,True,0,1.357,4.8,1.5,0,0
ego,off,7,4,3.0,0.05,True,0,1.021,5.4,1.5,0,0
ego,off,7,5,3.0,0.05,True,0,1.378,5.1,1.5,0,0
ego,off,8,0,3.0,0.05,True,0,0.851,7.5,3.53,0,0
ego,off,8,1,3.0,0.05,True,0,1.454,5.1,1.5,0,0
ego,off,8,2,3.0,0.05,True,0,1.465,5.4,1.51,0,0
ego,off,8,3,3.0,0.05,True,0,1.076,16.5,1.54,0,0
ego,off,8,4,3.0,0.05,True,0,0.843,7.2,1.8,0,0
ego,off,8,5,3.0,0.05,True,0,0.691,7.5,1.53,0,0
ego,off,9,0,3.0,0.05,True,0,1.455,5.1,1.5,0,0
ego,off,9,1,3.0,0.05,True,0,0.128,7.8,1.52,0,0
ego,off,9,2,3.0,0.05,True,0,0.841,7.5,1.5,0,0
ego,off,9,3,3.0,0.05,True,0,0.375,7.8,1.5,0,0
ego,off,9,4,3.0,0.05,True,0,1.266,5.7,1.5,0,0
ego,off,9,5,3.0,0.05,True,0,1.708,5.1,3.72,0,0
ego,off,10,0,3.0,0.05,True,0,1.16,5.4,1.5,0,0
ego,off,10,1,3.0,0.05,True,0,1.267,6.3,1.5,0,0
ego,off,10,2,3.0,0.05,True,0,1.525,5.1,1.5,0,0
ego,off,10,3,3.0,0.05,True,0,0.119,9.3,1.5,0,0
ego,off,10,4,3.0,0.05,True,0,0.342,7.2,1.5,0,0
ego,off,10,5,3.0,0.05,True,0,1.097,5.1,1.5,0,0
ego,off,11,0,3.0,0.05,True,0,1.874,5.7,4.0,0,0
ego,off,11,1,3.0,0.05,True,0,1.458,5.1,1.5,0,0
ego,off,11,2,3.0,0.05,True,0,1.528,5.1,1.5,0,0
ego,off,11,3,3.0,0.05,True,1,-0.01,12.0,1.5,0,0
ego,off,11,4,3.0,0.05,True,0,1.254,5.1,1.52,0,0
ego,off,11,5,3.0,0.05,True,0,1.854,5.1,1.5,0,0
ego,off,12,0,3.0,0.05,True,0,0.85,6.9,1.5,0,0
ego,off,12,1,3.0,0.05,True,0,1.465,5.1,4.02,0,0
ego,off,12,2,3.0,0.05,True,0,2.186,6.6,3.9,0,0
ego,off,12,3,3.0,0.05,True,0,0.016,8.4,1.66,0,0
ego,off,12,4,3.0,0.05,True,0,1.224,5.1,3.95,0,0
ego,off,12,5,3.0,0.05,True,0,1.227,5.1,1.5,0,0
ego,off,13,0,3.0,0.05,True,0,0.111,6.6,1.5,0,0
ego,off,13,1,3.0,0.05,True,0,0.844,6.9,1.5,0,0
ego,off,13,2,3.0,0.05,True,0,1.504,5.1,1.5,0,0
ego,off,13,3,3.0,0.05,True,0,0.827,7.5,1.5,0,0
ego,off,13,4,3.0,0.05,True,0,1.709,5.1,1.5,0,0
ego,off,13,5,3.0,0.05,True,0,0.463,5.1,1.5,0,0
ego,off,14,0,3.0,0.05,True,0,0.887,6.6,1.5,0,0
ego,off,14,1,3.0,0.05,True,0,0.882,7.2,1.5,0,0
ego,off,14,2,3.0,0.05,True,0,1.857,5.1,3.99,0,0
ego,off,14,3,3.0,0.05,True,1,-0.075,7.5,1.5,0,0
ego,off,14,4,3.0,0.05,True,0,0.566,10.2,1.5,0,0
ego,off,14,5,3.0,0.05,True,0,1.807,5.1,1.5,0,0
ego,off,15,0,3.0,0.05,True,0,0.115,7.8,1.51,0,0
ego,off,15,1,3.0,0.05,True,0,0.864,7.2,1.5,0,0
ego,off,15,2,3.0,0.05,True,0,1.464,5.4,1.5,0,0
ego,off,15,3,3.0,0.05,True,0,1.694,5.7,1.5,0,0
ego,off,15,4,3.0,0.05,True,0,1.035,6.0,3.95,0,0
ego,off,15,5,3.0,0.05,True,1,-0.181,14.1,1.79,0,0
ego,off,16,0,3.0,0.05,True,0,0.888,7.2,1.5,0,0
ego,off,16,1,3.0,0.05,True,1,-0.106,9.6,1.6,0,0
ego,off,16,2,3.0,0.05,True,0,1.415,5.1,1.65,0,0
ego,off,16,3,3.0,0.05,True,0,0.937,6.6,1.5,0,0
ego,off,16,4,3.0,0.05,True,1,-0.187,10.5,1.5,0,0
ego,off,16,5,3.0,0.05,True,1,-0.108,7.8,1.5,0,0
ego,off,17,0,3.0,0.05,True,0,0.634,7.2,1.5,0,0
ego,off,17,1,3.0,0.05,True,0,0.358,8.1,1.5,0,0
ego,off,17,2,3.0,0.05,True,0,1.679,5.1,3.81,0,0
ego,off,17,3,3.0,0.05,True,0,0.622,6.9,1.5,0,0
ego,off,17,4,3.0,0.05,True,0,0.365,6.9,5.61,0,0
ego,off,17,5,3.0,0.05,True,1,-0.157,9.3,1.5,0,0
ego,off,18,0,3.0,0.05,True,1,-0.125,7.8,1.5,0,0
ego,off,18,1,3.0,0.05,True,1,-0.065,5.7,1.5,0,0
ego,off,18,2,3.0,0.05,True,0,0.293,6.3,4.88,0,0
ego,off,18,3,3.0,0.05,True,0,1.43,5.4,1.5,0,0
ego,off,18,4,3.0,0.05,True,1,-0.045,7.8,1.5,0,0
ego,off,18,5,3.0,0.05,True,0,1.473,4.8,1.5,0,0
ego,off,19,0,3.0,0.05,True,0,0.551,8.1,1.5,0,0
ego,off,19,1,3.0,0.05,True,0,1.608,6.9,2.94,0,0
ego,off,19,2,3.0,0.05,True,0,1.621,5.1,1.5,0,0
ego,off,19,3,3.0,0.05,True,0,0.85,7.5,1.5,0,0
ego,off,19,4,3.0,0.05,True,0,0.014,11.4,1.5,0,0
ego,off,19,5,3.0,0.05,True,0,1.927,5.7,1.5,0,0
ego,off,0,0,4.0,0.05,True,0,0.327,6.9,1.5,0,0
ego,off,0,1,4.0,0.05,True,0,1.218,3.9,3.19,0,0
ego,off,0,2,4.0,0.05,True,0,1.354,3.9,1.5,0,0
ego,off,0,3,4.0,0.05,True,0,1.576,3.9,1.5,0,0
ego,off,0,4,4.0,0.05,True,0,0.476,7.2,1.5,0,0
ego,off,0,5,4.0,0.05,True,0,1.737,3.9,1.51,0,0
ego,off,1,0,4.0,0.05,True,0,0.247,11.1,1.5,0,0
ego,off,1,1,4.0,0.05,True,0,1.262,3.9,1.5,0,0
ego,off,1,2,4.0,0.05,True,0,0.994,6.0,1.5,0,0
ego,off,1,3,4.0,0.05,True,0,1.482,3.9,1.5,0,0
ego,off,1,4,4.0,0.05,True,0,1.238,4.5,3.45,0,0
ego,off,1,5,4.0,0.05,True,0,1.511,4.2,3.79,0,0
ego,off,2,0,4.0,0.05,True,0,1.454,3.9,1.5,0,0
ego,off,2,1,4.0,0.05,True,0,1.011,5.1,1.5,0,0
ego,off,2,2,4.0,0.05,True,0,0.772,6.6,1.5,0,0
ego,off,2,3,4.0,0.05,True,0,0.376,6.9,2.48,0,0
ego,off,2,4,4.0,0.05,True,0,0.555,6.9,1.5,0,0
ego,off,2,5,4.0,0.05,True,0,0.771,6.3,1.5,0,0
ego,off,3,0,4.0,0.05,True,0,1.443,4.5,1.5,0,0
ego,off,3,1,4.0,0.05,True,0,0.971,4.8,1.5,0,0
ego,off,3,2,4.0,0.05,True,0,0.173,6.9,1.5,0,0
ego,off,3,3,4.0,0.05,True,1,-0.086,8.1,1.5,0,0
ego,off,3,4,4.0,0.05,True,0,1.191,3.9,1.5,0,0
ego,off,3,5,4.0,0.05,True,0,1.486,5.1,4.03,0,0
ego,off,4,0,4.0,0.05,True,0,0.424,7.2,1.5,0,0
ego,off,4,1,4.0,0.05,False,1,-0.186,14.4,1.5,0,0
ego,off,4,2,4.0,0.05,True,0,0.034,6.9,1.5,0,0
ego,off,4,3,4.0,0.05,True,0,1.109,6.3,1.5,0,0
ego,off,4,4,4.0,0.05,True,0,1.602,4.2,1.5,0,0
ego,off,4,5,4.0,0.05,True,0,1.686,4.8,1.5,0,0
ego,off,5,0,4.0,0.05,True,0,0.428,6.6,1.5,0,0
ego,off,5,1,4.0,0.05,True,0,0.265,8.4,1.5,0,0
ego,off,5,2,4.0,0.05,True,1,-0.074,10.5,1.5,0,0
ego,off,5,3,4.0,0.05,True,0,1.229,5.1,1.5,0,0
ego,off,5,4,4.0,0.05,True,0,1.033,6.3,1.5,0,0
ego,off,5,5,4.0,0.05,True,1,-0.031,6.9,1.5,0,0
ego,off,6,0,4.0,0.05,True,0,0.974,6.0,1.5,0,0
ego,off,6,1,4.0,0.05,True,0,0.053,6.9,1.5,0,0
ego,off,6,2,4.0,0.05,True,0,0.103,6.6,1.5,0,0
ego,off,6,3,4.0,0.05,True,1,-0.201,6.6,1.5,0,0
ego,off,6,4,4.0,0.05,True,0,0.745,6.6,1.5,0,0
ego,off,6,5,4.0,0.05,True,1,-0.155,6.9,1.5,0,0
ego,off,7,0,4.0,0.05,True,0,1.175,5.7,1.5,0,0
ego,off,7,1,4.0,0.05,True,0,1.435,3.9,1.5,0,0
ego,off,7,2,4.0,0.05,True,0,1.744,4.2,1.5,0,0
ego,off,7,3,4.0,0.05,True,0,1.407,3.9,1.5,0,0
ego,off,7,4,4.0,0.05,True,0,1.459,3.9,1.5,0,0
ego,off,7,5,4.0,0.05,True,0,1.21,5.7,1.5,0,0
ego,off,8,0,4.0,0.05,True,1,-0.078,3.9,1.5,0,0
ego,off,8,1,4.0,0.05,False,1,-0.191,13.5,1.5,0,0
ego,off,8,2,4.0,0.05,True,0,1.529,3.9,1.5,0,0
ego,off,8,3,4.0,0.05,True,0,1.075,15.9,1.5,0,0
ego,off,8,4,4.0,0.05,True,1,-0.079,7.5,1.5,0,0
ego,off,8,5,4.0,0.05,True,0,1.024,6.9,1.5,0,0
ego,off,9,0,4.0,0.05,True,0,1.114,6.6,1.5,0,0
ego,off,9,1,4.0,0.05,True,0,0.529,5.7,3.08,0,0
ego,off,9,2,4.0,0.05,True,0,0.017,11.7,1.5,0,0
ego,off,9,3,4.0,0.05,True,0,1.175,5.1,3.88,0,0
ego,off,9,4,4.0,0.05,True,1,-0.045,7.5,1.5,0,0
ego,off,9,5,4.0,0.05,True,0,1.108,3.9,1.5,0,0
ego,off,10,0,4.0,0.05,True,1,-0.029,3.9,1.6,0,0
ego,off,10,1,4.0,0.05,True,0,0.219,6.6,1.5,0,0
ego,off,10,2,4.0,0.05,True,0,1.432,3.9,1.5,0,0
ego,off,10,3,4.0,0.05,True,0,0.656,6.3,1.5,0,0
ego,off,10,4,4.0,0.05,True,0,0.67,5.7,1.5,0,0
ego,off,10,5,4.0,0.05,True,0,0.799,6.0,3.14,0,0
ego,off,11,0,4.0,0.05,True,0,1.297,6.0,3.47,0,0
ego,off,11,1,4.0,0.05,True,0,0.148,6.6,1.5,0,0
ego,off,11,2,4.0,0.05,True,0,2.889,4.2,1.5,0,0
ego,off,11,3,4.0,0.05,True,0,1.678,4.5,1.5,0,0
ego,off,11,4,4.0,0.05,True,0,0.145,6.9,1.5,0,0
ego,off,11,5,4.0,0.05,True,0,1.421,4.2,1.5,0,0
ego,off,12,0,4.0,0.05,True,0,0.841,6.6,1.5,0,0
ego,off,12,1,4.0,0.05,True,0,1.129,3.9,2.96,0,0
ego,off,12,2,4.0,0.05,True,0,1.924,6.0,1.5,0,0
ego,off,12,3,4.0,0.05,True,1,-0.182,9.0,1.66,0,0
ego,off,12,4,4.0,0.05,True,0,0.436,6.9,1.95,0,0
ego,off,12,5,4.0,0.05,True,0,1.567,3.9,1.51,0,0
ego,off,13,0,4.0,0.05,True,0,1.408,5.7,2.99,0,0
ego,off,13,1,4.0,0.05,True,0,1.367,3.9,1.5,0,0
ego,off,13,2,4.0,0.05,True,0,0.136,6.6,1.5,0,0
ego,off,13,3,4.0,0.05,True,0,0.176,6.9,1.5,0,0
ego,off,13,4,4.0,0.05,True,0,1.512,3.9,3.46,0,0
ego,off,13,5,4.0,0.05,True,0,1.886,3.9,1.5,0,0
ego,off,14,0,4.0,0.05,True,0,1.358,3.9,1.5,0,0
ego,off,14,1,4.0,0.05,True,0,1.347,3.9,1.5,0,0
ego,off,14,2,4.0,0.05,True,0,1.232,5.7,1.66,0,0
ego,off,14,3,4.0,0.05,True,1,-0.22,6.6,1.5,0,0
ego,off,14,4,4.0,0.05,True,0,0.302,9.3,1.5,0,0
ego,off,14,5,4.0,0.05,True,0,0.606,7.2,1.5,0,0
ego,off,15,0,4.0,0.05,True,1,-0.059,7.5,1.5,0,0
ego,off,15,1,4.0,0.05,True,0,1.036,6.6,1.5,0,0
ego,off,15,2,4.0,0.05,True,0,0.612,6.6,1.5,0,0
ego,off,15,3,4.0,0.05,True,0,1.313,4.8,1.5,0,0
ego,off,15,4,4.0,0.05,True,0,1.014,5.7,1.5,0,0
ego,off,15,5,4.0,0.05,True,1,-0.102,6.0,1.52,0,0
ego,off,16,0,4.0,0.05,True,0,0.638,6.6,1.5,0,0
ego,off,16,1,4.0,0.05,True,0,1.3,6.0,3.63,0,0
ego,off,16,2,4.0,0.05,True,0,1.615,4.2,4.09,0,0
ego,off,16,3,4.0,0.05,True,0,1.099,5.4,1.5,0,0
ego,off,16,4,4.0,0.05,True,0,1.384,3.9,1.5,0,0
ego,off,16,5,4.0,0.05,True,0,1.429,4.2,1.5,0,0
ego,off,17,0,4.0,0.05,True,0,0.402,6.9,1.5,0,0
ego,off,17,1,4.0,0.05,True,0,1.37,3.9,1.5,0,0
ego,off,17,2,4.0,0.05,True,0,1.374,3.9,3.3,0,0
ego,off,17,3,4.0,0.05,True,1,-0.208,6.9,1.5,0,0
ego,off,17,4,4.0,0.05,True,0,0.416,4.8,4.47,0,0
ego,off,17,5,4.0,0.05,True,0,0.991,6.3,1.5,0,0
ego,off,18,0,4.0,0.05,True,0,1.148,3.9,1.5,0,0
ego,off,18,1,4.0,0.05,True,1,-0.089,5.1,3.91,0,0
ego,off,18,2,4.0,0.05,True,0,0.311,6.3,2.23,0,0
ego,off,18,3,4.0,0.05,True,0,0.209,6.9,1.5,0,0
ego,off,18,4,4.0,0.05,True,0,1.119,5.7,1.5,0,0
ego,off,18,5,4.0,0.05,True,0,0.073,6.6,1.5,0,0
ego,off,19,0,4.0,0.05,True,0,0.624,5.1,1.5,0,0
ego,off,19,1,4.0,0.05,True,0,0.207,6.6,2.71,0,0
ego,off,19,2,4.0,0.05,True,0,1.238,4.8,3.61,0,0
ego,off,19,3,4.0,0.05,True,0,1.012,6.6,1.5,0,0
ego,off,19,4,4.0,0.05,True,0,1.032,3.9,1.5,0,0
ego,off,19,5,4.0,0.05,True,0,1.973,4.5,1.5,0,0
ego,on,0,0,2.0,0.05,True,0,1.162,9.0,3.28,0,0
ego,on,0,1,2.0,0.05,True,0,1.255,6.9,1.5,0,0
ego,on,0,2,2.0,0.05,True,0,1.719,6.6,1.5,0,0
ego,on,0,3,2.0,0.05,True,0,1.582,7.8,3.7,0,0
ego,on,0,4,2.0,0.05,True,0,1.499,7.8,3.43,0,0
ego,on,0,5,2.0,0.05,True,0,1.75,8.1,3.78,0,0
ego,on,1,0,2.0,0.05,True,0,1.039,9.9,3.53,2,0
ego,on,1,1,2.0,0.05,True,0,1.748,6.9,1.5,0,0
ego,on,1,2,2.0,0.05,True,0,1.291,9.0,3.81,1,0
ego,on,1,3,2.0,0.05,True,0,1.27,6.9,1.5,0,0
ego,on,1,4,2.0,0.05,True,0,1.26,8.1,3.57,0,0
ego,on,1,5,2.0,0.05,True,0,1.23,7.8,3.03,0,0
ego,on,2,0,2.0,0.05,True,0,1.624,7.2,1.5,0,0
ego,on,2,1,2.0,0.05,True,0,1.164,7.8,1.69,0,0
ego,on,2,2,2.0,0.05,True,0,1.302,8.1,3.0,0,0
ego,on,2,3,2.0,0.05,True,0,1.375,9.6,2.78,2,0
ego,on,2,4,2.0,0.05,True,0,1.063,8.4,3.2,0,0
ego,on,2,5,2.0,0.05,True,0,1.387,8.4,3.54,0,0
ego,on,3,0,2.0,0.05,True,0,1.204,7.5,1.5,0,0
ego,on,3,1,2.0,0.05,True,0,1.561,6.6,1.5,0,0
ego,on,3,2,2.0,0.05,True,0,1.206,7.5,1.5,0,0
ego,on,3,3,2.0,0.05,True,0,1.727,8.4,4.11,0,0
ego,on,3,4,2.0,0.05,True,0,1.963,7.5,3.8,0,0
ego,on,3,5,2.0,0.05,True,0,1.467,7.2,1.5,0,0
ego,on,4,0,2.0,0.05,True,0,1.206,8.7,3.04,1,0
ego,on,4,1,2.0,0.05,True,0,1.331,7.8,3.03,0,0
ego,on,4,2,2.0,0.05,True,0,1.512,7.8,3.03,0,0
ego,on,4,3,2.0,0.05,True,0,1.373,7.2,1.5,0,0
ego,on,4,4,2.0,0.05,True,0,1.66,8.4,4.08,0,0
ego,on,4,5,2.0,0.05,True,0,1.135,6.6,1.5,0,0
ego,on,5,0,2.0,0.05,True,0,1.551,8.4,3.49,0,0
ego,on,5,1,2.0,0.05,True,0,1.351,8.7,3.02,0,0
ego,on,5,2,2.0,0.05,True,0,1.376,7.8,3.77,0,0
ego,on,5,3,2.0,0.05,True,0,1.351,10.5,2.98,2,0
ego,on,5,4,2.0,0.05,True,0,1.57,7.8,3.24,0,0
ego,on,5,5,2.0,0.05,True,0,1.311,7.2,1.5,0,0
ego,on,6,0,2.0,0.05,True,0,1.229,7.2,1.5,0,0
ego,on,6,1,2.0,0.05,True,0,1.259,7.5,1.5,0,0
ego,on,6,2,2.0,0.05,True,0,1.246,6.9,1.5,0,0
ego,on,6,3,2.0,0.05,True,0,1.375,8.1,3.93,0,0
ego,on,6,4,2.0,0.05,True,0,1.332,8.4,1.74,1,0
ego,on,6,5,2.0,0.05,True,0,1.544,7.8,3.76,0,0
ego,on,7,0,2.0,0.05,True,0,1.563,8.1,3.82,0,0
ego,on,7,1,2.0,0.05,True,0,1.185,9.6,4.67,2,0
ego,on,7,2,2.0,0.05,True,0,1.611,6.9,1.5,0,0
ego,on,7,3,2.0,0.05,True,0,1.229,8.1,3.46,0,0
ego,on,7,4,2.0,0.05,True,0,1.305,6.3,1.5,0,0
ego,on,7,5,2.0,0.05,True,0,1.454,7.5,1.5,0,0
ego,on,8,0,2.0,0.05,True,0,1.353,8.4,3.19,0,0
ego,on,8,1,2.0,0.05,True,0,1.307,9.3,2.73,2,0
ego,on,8,2,2.0,0.05,True,0,1.746,7.8,3.93,0,0
ego,on,8,3,2.0,0.05,True,0,1.324,6.6,1.5,0,0
ego,on,8,4,2.0,0.05,True,0,1.442,7.5,1.5,0,0
ego,on,8,5,2.0,0.05,True,0,1.639,7.8,3.86,0,0
ego,on,9,0,2.0,0.05,True,0,1.572,7.8,3.23,0,0
ego,on,9,1,2.0,0.05,True,0,1.061,8.7,3.21,0,0
ego,on,9,2,2.0,0.05,True,0,1.309,7.8,3.12,0,0
ego,on,9,3,2.0,0.05,True,0,1.931,9.6,4.38,0,0
ego,on,9,4,2.0,0.05,True,0,1.271,7.8,1.5,0,0
ego,on,9,5,2.0,0.05,True,0,1.677,6.9,2.85,0,0
ego,on,10,0,2.0,0.05,True,0,2.137,9.3,2.98,1,0
ego,on,10,1,2.0,0.05,True,0,1.318,7.2,1.5,0,0
ego,on,10,2,2.0,0.05,True,0,1.791,6.9,1.5,0,0
ego,on,10,3,2.0,0.05,True,0,1.881,9.3,4.01,0,0
ego,on,10,4,2.0,0.05,True,0,1.079,9.3,2.98,1,0
ego,on,10,5,2.0,0.05,True,0,1.463,8.1,4.01,0,0
ego,on,11,0,2.0,0.05,True,0,2.117,8.7,4.08,0,0
ego,on,11,1,2.0,0.05,True,0,1.574,7.8,3.79,0,0
ego,on,11,2,2.0,0.05,True,0,1.618,8.1,3.9,0,0
ego,on,11,3,2.0,0.05,True,0,1.207,7.5,1.5,0,0
ego,on,11,4,2.0,0.05,True,0,1.262,7.8,1.5,0,0
ego,on,11,5,2.0,0.05,True,0,1.355,9.0,3.33,1,0
ego,on,12,0,2.0,0.05,True,0,0.992,10.8,2.61,4,0
ego,on,12,1,2.0,0.05,True,0,1.263,8.4,3.01,0,0
ego,on,12,2,2.0,0.05,True,0,2.275,6.9,1.5,0,0
ego,on,12,3,2.0,0.05,True,0,1.43,8.1,2.96,2,0
ego,on,12,4,2.0,0.05,True,0,1.766,8.1,3.63,0,0
ego,on,12,5,2.0,0.05,True,0,1.559,6.9,1.5,0,0
ego,on,13,0,2.0,0.05,True,0,1.272,10.5,3.33,0,0
ego,on,13,1,2.0,0.05,True,0,1.305,7.5,1.5,0,0
ego,on,13,2,2.0,0.05,True,0,1.841,7.2,1.5,0,0
ego,on,13,3,2.0,0.05,True,0,1.231,8.7,1.92,1,0
ego,on,13,4,2.0,0.05,True,0,1.321,9.0,3.46,0,0
ego,on,13,5,2.0,0.05,True,0,1.482,6.9,1.5,0,0
ego,on,14,0,2.0,0.05,True,0,1.472,8.7,4.08,0,0
ego,on,14,1,2.0,0.05,True,0,1.385,7.2,1.5,0,0
ego,on,14,2,2.0,0.05,True,0,2.291,7.5,3.88,0,0
ego,on,14,3,2.0,0.05,True,0,1.486,8.1,3.79,0,0
ego,on,14,4,2.0,0.05,True,0,1.257,8.7,1.5,0,0
ego,on,14,5,2.0,0.05,True,0,1.062,9.0,3.2,1,0
ego,on,15,0,2.0,0.05,True,0,1.317,7.2,1.5,0,0
ego,on,15,1,2.0,0.05,True,0,1.161,9.3,2.7,5,0
ego,on,15,2,2.0,0.05,True,0,1.285,8.7,3.18,0,0
ego,on,15,3,2.0,0.05,True,0,1.962,7.2,1.5,0,0
ego,on,15,4,2.0,0.05,True,0,1.184,8.7,2.65,1,0
ego,on,15,5,2.0,0.05,True,0,1.299,9.6,2.63,3,0
ego,on,16,0,2.0,0.05,True,0,1.55,7.8,3.15,0,0
ego,on,16,1,2.0,0.05,True,0,1.865,8.1,3.67,0,0
ego,on,16,2,2.0,0.05,True,0,1.509,7.5,3.51,0,0
ego,on,16,3,2.0,0.05,True,0,1.648,7.8,3.8,0,0
ego,on,16,4,2.0,0.05,True,0,1.09,12.3,3.23,4,0
ego,on,16,5,2.0,0.05,True,0,1.82,7.8,4.04,0,0
ego,on,17,0,2.0,0.05,True,0,1.411,8.7,3.65,1,0
ego,on,17,1,2.0,0.05,True,0,1.057,8.4,3.16,0,0
ego,on,17,2,2.0,0.05,True,0,1.535,7.5,3.33,0,0
ego,on,17,3,2.0,0.05,True,0,1.66,7.8,3.2,0,0
ego,on,17,4,2.0,0.05,True,0,0.741,9.3,2.7,2,0
ego,on,17,5,2.0,0.05,True,0,2.128,6.9,1.5,0,0
ego,on,18,0,2.0,0.05,True,0,1.277,7.5,1.5,0,0
ego,on,18,1,2.0,0.05,True,0,0.753,8.4,2.22,3,0
ego,on,18,2,2.0,0.05,True,0,0.825,7.8,3.14,1,0
ego,on,18,3,2.0,0.05,True,0,1.313,8.7,1.74,1,0
ego,on,18,4,2.0,0.05,True,0,1.625,7.5,1.5,0,0
ego,on,18,5,2.0,0.05,True,0,1.141,7.2,1.5,0,0
ego,on,19,0,2.0,0.05,True,0,1.928,7.8,3.49,0,0
ego,on,19,1,2.0,0.05,True,0,2.116,8.4,3.67,0,0
ego,on,19,2,2.0,0.05,True,0,1.525,7.8,3.63,0,0
ego,on,19,3,2.0,0.05,True,0,1.35,7.2,1.5,0,0
ego,on,19,4,2.0,0.05,True,0,1.261,6.9,1.5,0,0
ego,on,19,5,2.0,0.05,True,0,1.293,9.3,1.74,1,0
ego,on,0,0,3.0,0.05,True,0,1.332,5.7,1.5,0,0
ego,on,0,1,3.0,0.05,True,0,2.175,5.4,3.9,0,0
ego,on,0,2,3.0,0.05,True,0,1.534,4.8,1.5,0,0
ego,on,0,3,3.0,0.05,True,0,1.426,4.8,1.5,0,0
ego,on,0,4,3.0,0.05,True,0,1.185,5.4,1.5,0,0
ego,on,0,5,3.0,0.05,True,0,1.312,5.4,1.51,0,0
ego,on,1,0,3.0,0.05,True,0,1.471,5.1,1.5,0,0
ego,on,1,1,3.0,0.05,True,0,1.619,5.1,1.53,0,0
ego,on,1,2,3.0,0.05,True,0,1.398,5.4,1.5,0,0
ego,on,1,3,3.0,0.05,True,0,1.841,5.1,1.5,0,0
ego,on,1,4,3.0,0.05,True,0,1.291,5.1,1.5,0,0
ego,on,1,5,3.0,0.05,True,0,1.426,6.9,2.87,1,0
ego,on,2,0,3.0,0.05,True,0,1.366,4.8,1.5,0,0
ego,on,2,1,3.0,0.05,True,0,1.398,5.4,1.5,0,0
ego,on,2,2,3.0,0.05,True,0,1.556,5.1,1.5,0,0
ego,on,2,3,3.0,0.05,True,0,1.582,7.2,4.02,0,0
ego,on,2,4,3.0,0.05,True,0,1.451,5.4,1.5,0,0
ego,on,2,5,3.0,0.05,True,0,2.092,5.4,4.73,0,0
ego,on,3,0,3.0,0.05,True,0,2.169,6.0,3.98,0,0
ego,on,3,1,3.0,0.05,True,0,1.475,4.8,1.58,0,0
ego,on,3,2,3.0,0.05,True,0,1.471,5.1,1.5,0,0
ego,on,3,3,3.0,0.05,True,0,2.399,6.0,4.04,0,0
ego,on,3,4,3.0,0.05,True,0,1.306,8.4,2.25,2,0
ego,on,3,5,3.0,0.05,True,0,1.313,5.4,1.5,0,0
ego,on,4,0,3.0,0.05,True,0,1.308,5.4,1.5,0,0
ego,on,4,1,3.0,0.05,True,0,1.603,5.1,1.5,0,0
ego,on,4,2,3.0,0.05,True,0,1.363,5.4,1.5,0,0
ego,on,4,3,3.0,0.05,True,0,1.589,6.6,3.31,1,0
ego,on,4,4,3.0,0.05,True,0,1.383,6.0,3.02,0,0
ego,on,4,5,3.0,0.05,True,0,1.925,5.1,1.5,0,0
ego,on,5,0,3.0,0.05,True,0,1.547,5.1,1.5,0,0
ego,on,5,1,3.0,0.05,True,0,1.205,6.0,3.15,0,0
ego,on,5,2,3.0,0.05,True,0,2.218,5.4,1.5,0,0
ego,on,5,3,3.0,0.05,True,0,1.565,4.8,1.5,0,0
ego,on,5,4,3.0,0.05,True,0,1.479,5.1,1.5,0,0
ego,on,5,5,3.0,0.05,True,0,1.353,5.4,1.5,0,0
ego,on,6,0,3.0,0.05,True,0,1.632,5.7,1.5,0,0
ego,on,6,1,3.0,0.05,True,0,1.633,5.1,1.5,0,0
ego,on,6,2,3.0,0.05,True,0,1.348,6.0,1.5,0,0
ego,on,6,3,3.0,0.05,True,0,1.296,4.8,1.5,0,0
ego,on,6,4,3.0,0.05,True,0,1.787,4.8,1.5,0,0
ego,on,6,5,3.0,0.05,True,0,2.391,5.4,3.96,0,0
ego,on,7,0,3.0,0.05,True,0,2.167,5.4,4.33,0,0
ego,on,7,1,3.0,0.05,True,0,1.487,5.7,1.5,0,0
ego,on,7,2,3.0,0.05,True,0,1.383,5.1,1.5,0,0
ego,on,7,3,3.0,0.05,True,0,1.529,5.1,1.5,0,0
ego,on,7,4,3.0,0.05,True,0,1.694,4.8,1.5,0,0
ego,on,7,5,3.0,0.05,True,0,1.486,5.4,1.5,0,0
ego,on,8,0,3.0,0.05,True,0,1.293,5.7,2.77,0,0
ego,on,8,1,3.0,0.05,True,0,1.892,6.0,3.75,0,0
ego,on,8,2,3.0,0.05,True,0,1.268,6.0,3.01,0,0
ego,on,8,3,3.0,0.05,True,0,1.178,4.8,1.54,0,0
ego,on,8,4,3.0,0.05,True,0,1.414,6.9,2.15,1,0
ego,on,8,5,3.0,0.05,True,0,1.283,6.0,3.12,0,0
ego,on,9,0,3.0,0.05,True,0,1.543,5.4,1.5,0,0
ego,on,9,1,3.0,0.05,True,0,1.396,6.0,3.1,0,0
ego,on,9,2,3.0,0.05,True,0,1.387,5.7,1.5,0,0
ego,on,9,3,3.0,0.05,True,0,1.261,5.1,1.5,0,0
ego,on,9,4,3.0,0.05,True,0,1.83,4.8,1.5,0,0
ego,on,9,5,3.0,0.05,True,0,1.482,6.0,3.5,0,0
ego,on,10,0,3.0,0.05,True,0,1.137,6.9,3.49,0,0
ego,on,10,1,3.0,0.05,True,0,1.724,6.6,1.88,1,0
ego,on,10,2,3.0,0.05,True,0,1.525,5.1,1.5,0,0
ego,on,10,3,3.0,0.05,True,0,1.578,6.3,3.47,0,0
ego,on,10,4,3.0,0.05,True,0,1.237,6.3,1.86,1,0
ego,on,10,5,3.0,0.05,True,0,1.539,6.3,3.88,0,0
ego,on,11,0,3.0,0.05,True,0,2.228,6.0,3.93,0,0
ego,on,11,1,3.0,0.05,True,0,1.477,5.1,1.5,0,0
ego,on,11,2,3.0,0.05,True,0,1.209,7.2,2.1,1,0
ego,on,11,3,3.0,0.05,True,0,1.314,5.4,1.5,0,0
ego,on,11,4,3.0,0.05,True,0,1.256,5.4,1.51,0,0
ego,on,11,5,3.0,0.05,True,0,2.07,5.4,3.7,0,0
ego,on,12,0,3.0,0.05,True,0,1.797,6.0,3.58,0,0
ego,on,12,1,3.0,0.05,True,0,1.543,6.0,3.42,0,0
ego,on,12,2,3.0,0.05,True,0,1.95,5.1,1.72,0,0
ego,on,12,3,3.0,0.05,True,0,0.628,6.3,3.21,3,0
ego,on,12,4,3.0,0.05,True,0,1.528,5.7,3.22,0,0
ego,on,12,5,3.0,0.05,True,0,1.227,5.1,1.5,0,0
ego,on,13,0,3.0,0.05,True,0,1.486,6.6,3.13,0,0
ego,on,13,1,3.0,0.05,True,0,1.677,5.1,1.5,0,0
ego,on,13,2,3.0,0.05,True,0,1.466,5.1,1.5,0,0
ego,on,13,3,3.0,0.05,True,0,1.556,5.4,1.5,0,0
ego,on,13,4,3.0,0.05,True,0,1.845,5.1,1.5,0,0
ego,on,13,5,3.0,0.05,True,0,1.323,6.0,1.58,0,0
ego,on,14,0,3.0,0.05,True,0,1.301,7.8,2.97,1,0
ego,on,14,1,3.0,0.05,True,0,1.161,5.4,1.5,0,0
ego,on,14,2,3.0,0.05,True,0,1.762,5.7,3.39,0,0
ego,on,14,3,3.0,0.05,True,0,1.217,6.0,2.09,1,0
ego,on,14,4,3.0,0.05,True,0,1.447,5.7,1.5,0,0
ego,on,14,5,3.0,0.05,True,0,1.153,5.4,1.5,0,0
ego,on,15,0,3.0,0.05,True,0,1.316,5.4,1.5,0,0
ego,on,15,1,3.0,0.05,True,0,1.448,5.4,1.5,0,0
ego,on,15,2,3.0,0.05,True,0,1.596,5.7,3.74,0,0
ego,on,15,3,3.0,0.05,True,0,1.75,5.4,1.5,0,0
ego,on,15,4,3.0,0.05,True,0,1.63,5.7,3.18,0,0
ego,on,15,5,3.0,0.05,True,0,0.937,5.7,2.17,0,0
ego,on,16,0,3.0,0.05,True,0,1.569,5.1,1.5,0,0
ego,on,16,1,3.0,0.05,True,0,1.374,6.0,3.05,0,0
ego,on,16,2,3.0,0.05,True,0,1.472,5.1,1.62,0,0
ego,on,16,3,3.0,0.05,True,0,2.031,5.7,3.94,0,0
ego,on,16,4,3.0,0.05,True,0,1.533,5.4,1.5,0,0
ego,on,16,5,3.0,0.05,True,0,1.829,6.0,3.85,0,0
ego,on,17,0,3.0,0.05,True,0,1.53,4.8,1.5,0,0
ego,on,17,1,3.0,0.05,True,0,1.635,5.1,1.5,0,0
ego,on,17,2,3.0,0.05,True,0,1.209,6.0,3.04,0,0
ego,on,17,3,3.0,0.05,True,0,1.401,5.7,3.27,0,0
ego,on,17,4,3.0,0.05,True,0,1.018,7.5,2.65,3,0
ego,on,17,5,3.0,0.05,True,0,1.436,5.7,1.61,0,0
ego,on,18,0,3.0,0.05,True,0,2.089,5.4,3.78,0,0
ego,on,18,1,3.0,0.05,True,0,1.188,6.3,2.58,3,0
ego,on,18,2,3.0,0.05,True,0,0.931,6.3,4.76,1,0
ego,on,18,3,3.0,0.05,True,0,1.347,5.4,1.5,0,0
ego,on,18,4,3.0,0.05,True,0,1.833,5.1,1.5,0,0
ego,on,18,5,3.0,0.05,True,0,1.318,5.7,1.86,1,0
ego,on,19,0,3.0,0.05,True,0,1.65,6.0,3.46,0,0
ego,on,19,1,3.0,0.05,True,0,1.661,6.9,3.19,0,0
ego,on,19,2,3.0,0.05,True,0,1.918,5.1,1.5,0,0
ego,on,19,3,3.0,0.05,True,0,1.291,5.4,1.5,0,0
ego,on,19,4,3.0,0.05,True,0,1.251,6.3,1.86,1,0
ego,on,19,5,3.0,0.05,True,0,1.927,5.7,1.5,0,0
ego,on,0,0,4.0,0.05,True,0,1.165,4.5,1.5,0,0
ego,on,0,1,4.0,0.05,True,0,1.399,4.8,3.57,0,0
ego,on,0,2,4.0,0.05,True,0,1.497,4.2,1.5,0,0
ego,on,0,3,4.0,0.05,True,0,1.441,4.5,1.5,0,0
ego,on,0,4,4.0,0.05,True,0,1.189,5.1,2.97,0,0
ego,on,0,5,4.0,0.05,True,0,1.737,3.9,1.51,0,0
ego,on,1,0,4.0,0.05,True,0,1.355,4.5,1.5,0,0
ego,on,1,1,4.0,0.05,True,0,1.508,3.9,1.5,0,0
ego,on,1,2,4.0,0.05,True,0,1.32,4.5,1.5,0,0
ego,on,1,3,4.0,0.05,True,0,1.482,3.9,1.5,0,0
ego,on,1,4,4.0,0.05,True,0,1.656,5.7,2.97,0,0
ego,on,1,5,4.0,0.05,True,0,1.466,4.5,2.13,0,0
ego,on,2,0,4.0,0.05,True,0,1.454,3.9,1.5,0,0
ego,on,2,1,4.0,0.05,True,0,1.443,6.3,1.98,1,0
ego,on,2,2,4.0,0.05,True,0,1.539,5.4,3.22,1,0
ego,on,2,3,4.0,0.05,True,0,0.868,6.3,2.84,3,0
ego,on,2,4,4.0,0.05,True,0,1.671,4.5,1.98,1,0
ego,on,2,5,4.0,0.05,True,0,0.953,6.9,1.99,1,0
ego,on,3,0,4.0,0.05,True,0,2.022,5.1,3.61,0,0
ego,on,3,1,4.0,0.05,True,0,1.175,4.8,1.98,1,0
ego,on,3,2,4.0,0.05,True,0,1.724,3.9,1.5,0,0
ego,on,3,3,4.0,0.05,True,0,1.412,6.6,2.08,1,0
ego,on,3,4,4.0,0.05,True,0,1.266,4.5,1.5,0,0
ego,on,3,5,4.0,0.05,True,0,1.207,4.8,1.5,0,0
ego,on,4,0,4.0,0.05,True,0,1.822,3.9,1.5,0,0
ego,on,4,1,4.0,0.05,True,0,1.644,3.9,1.5,0,0
ego,on,4,2,4.0,0.05,True,0,1.9,3.9,1.5,0,0
ego,on,4,3,4.0,0.05,True,0,1.263,5.4,2.46,2,0
ego,on,4,4,4.0,0.05,True,0,1.666,5.4,3.64,0,0
ego,on,4,5,4.0,0.05,True,0,1.814,4.2,1.5,0,0
ego,on,5,0,4.0,0.05,True,0,1.596,4.2,1.5,0,0
ego,on,5,1,4.0,0.05,True,0,1.789,4.5,1.5,0,0
ego,on,5,2,4.0,0.05,True,0,1.369,5.1,2.04,1,0
ego,on,5,3,4.0,0.05,True,0,1.309,5.1,1.5,0,0
ego,on,5,4,4.0,0.05,True,0,1.347,3.9,1.5,0,0
ego,on,5,5,4.0,0.05,True,0,1.32,4.5,1.5,0,0
ego,on,6,0,4.0,0.05,True,0,1.984,4.8,3.43,0,0
ego,on,6,1,4.0,0.05,True,0,1.427,5.1,3.55,0,0
ego,on,6,2,4.0,0.05,True,0,1.19,5.1,1.98,1,0
ego,on,6,3,4.0,0.05,True,0,1.463,3.9,1.5,0,0
ego,on,6,4,4.0,0.05,True,0,1.431,4.8,1.98,1,0
ego,on,6,5,4.0,0.05,True,0,1.568,3.9,1.5,0,0
ego,on,7,0,4.0,0.05,True,0,1.672,6.6,3.42,1,0
ego,on,7,1,4.0,0.05,True,0,1.21,4.2,1.5,0,0
ego,on,7,2,4.0,0.05,True,0,1.67,3.9,1.5,0,0
ego,on,7,3,4.0,0.05,True,0,1.457,3.9,1.5,0,0
ego,on,7,4,4.0,0.05,True,0,1.459,3.9,1.5,0,0
ego,on,7,5,4.0,0.05,True,0,1.281,6.6,1.98,1,0
ego,on,8,0,4.0,0.05,True,0,1.562,4.2,1.55,0,0
ego,on,8,1,4.0,0.05,True,0,1.618,4.2,1.5,0,0
ego,on,8,2,4.0,0.05,True,0,1.529,3.9,1.5,0,0
ego,on,8,3,4.0,0.05,True,0,1.511,3.9,1.5,0,0
ego,on,8,4,4.0,0.05,True,0,1.339,3.9,1.5,0,0
ego,on,8,5,4.0,0.05,True,0,1.295,5.1,3.09,0,0
ego,on,9,0,4.0,0.05,True,0,1.603,3.9,1.5,0,0
ego,on,9,1,4.0,0.05,True,0,1.113,4.8,3.2,0,0
ego,on,9,2,4.0,0.05,True,0,1.099,4.5,1.5,0,0
ego,on,9,3,4.0,0.05,True,0,1.224,4.5,1.5,0,0
ego,on,9,4,4.0,0.05,True,0,1.587,3.9,1.5,0,0
ego,on,9,5,4.0,0.05,True,0,1.211,3.9,1.5,0,0
ego,on,10,0,4.0,0.05,True,0,1.298,5.1,3.23,0,0
ego,on,10,1,4.0,0.05,True,0,1.262,5.4,1.98,1,0
ego,on,10,2,4.0,0.05,True,0,1.675,3.9,1.5,0,0
ego,on,10,3,4.0,0.05,True,0,1.206,5.7,2.46,2,0
ego,on,10,4,4.0,0.05,True,0,1.748,3.9,1.5,0,0
ego,on,10,5,4.0,0.05,True,0,1.305,5.1,3.31,0,0
ego,on,11,0,4.0,0.05,True,0,2.48,5.1,4.27,0,0
ego,on,11,1,4.0,0.05,True,0,1.266,5.1,1.98,1,0
ego,on,11,2,4.0,0.05,True,0,2.889,4.2,1.5,0,0
ego,on,11,3,4.0,0.05,True,0,1.678,4.5,1.5,0,0
ego,on,11,4,4.0,0.05,True,0,1.616,5.1,3.48,0,0
ego,on,11,5,4.0,0.05,True,0,1.859,4.5,3.33,0,0
ego,on,12,0,4.0,0.05,True,0,1.01,7.5,2.65,4,0
ego,on,12,1,4.0,0.05,True,0,1.419,4.8,3.38,0,0
ego,on,12,2,4.0,0.05,True,0,1.311,5.4,3.24,0,0
ego,on,12,3,4.0,0.05,True,0,1.606,5.1,3.78,0,0
ego,on,12,4,4.0,0.05,True,0,2.347,4.5,4.59,0,0
ego,on,12,5,4.0,0.05,True,0,1.567,3.9,1.51,0,0
ego,on,13,0,4.0,0.05,True,0,1.766,5.7,3.4,0,0
ego,on,13,1,4.0,0.05,True,0,1.846,3.9,1.5,0,0
ego,on,13,2,4.0,0.05,True,0,1.588,3.9,1.5,0,0
ego,on,13,3,4.0,0.05,True,0,1.882,3.9,1.5,0,0
ego,on,13,4,4.0,0.05,True,0,1.608,3.9,2.91,0,0
ego,on,13,5,4.0,0.05,True,0,1.886,3.9,1.5,0,0
ego,on,14,0,4.0,0.05,True,0,1.616,3.9,1.5,0,0
ego,on,14,1,4.0,0.05,True,0,1.394,3.9,1.5,0,0
ego,on,14,2,4.0,0.05,True,0,2.245,5.1,3.8,0,0
ego,on,14,3,4.0,0.05,True,0,1.706,3.9,1.5,0,0
ego,on,14,4,4.0,0.05,True,0,1.155,5.4,2.94,3,0
ego,on,14,5,4.0,0.05,True,0,1.567,3.9,1.5,0,0
ego,on,15,0,4.0,0.05,True,0,1.322,5.1,3.23,0,0
ego,on,15,1,4.0,0.05,True,0,2.138,5.1,3.44,0,0
ego,on,15,2,4.0,0.05,True,0,1.631,5.1,3.31,0,0
ego,on,15,3,4.0,0.05,True,0,1.677,4.8,1.5,0,0
ego,on,15,4,4.0,0.05,True,0,1.828,4.8,3.5,0,0
ego,on,15,5,4.0,0.05,True,0,1.235,7.2,3.21,1,0
ego,on,16,0,4.0,0.05,True,0,1.425,4.5,1.98,1,0
ego,on,16,1,4.0,0.05,True,0,0.634,6.0,3.59,2,0
ego,on,16,2,4.0,0.05,True,0,2.031,4.8,3.87,0,0
ego,on,16,3,4.0,0.05,True,0,1.776,4.5,1.5,0,0
ego,on,16,4,4.0,0.05,True,0,1.794,3.9,1.5,0,0
ego,on,16,5,4.0,0.05,True,0,2.259,5.4,3.42,0,0
ego,on,17,0,4.0,0.05,True,0,2.009,4.8,3.32,0,0
ego,on,17,1,4.0,0.05,True,0,1.684,5.1,3.54,0,0
ego,on,17,2,4.0,0.05,True,0,1.195,5.1,3.06,0,0
ego,on,17,3,4.0,0.05,True,0,1.687,3.9,1.5,0,0
ego,on,17,4,4.0,0.05,True,0,1.14,4.8,2.65,2,0
ego,on,17,5,4.0,0.05,True,0,1.437,3.9,1.5,0,0
ego,on,18,0,4.0,0.05,True,0,1.571,3.9,1.5,0,0
ego,on,18,1,4.0,0.05,True,0,0.888,5.1,2.92,2,0
ego,on,18,2,4.0,0.05,True,0,0.911,5.1,4.37,1,0
ego,on,18,3,4.0,0.05,True,0,1.277,6.3,2.39,2,0
ego,on,18,4,4.0,0.05,True,0,1.145,6.3,3.77,1,0
ego,on,18,5,4.0,0.05,True,0,1.369,4.8,1.98,1,0
ego,on,19,0,4.0,0.05,True,0,1.753,5.1,2.46,2,0
ego,on,19,1,4.0,0.05,True,0,1.437,5.4,3.44,1,0
ego,on,19,2,4.0,0.05,True,0,1.463,4.5,1.5,0,0
ego,on,19,3,4.0,0.05,True,0,1.417,5.1,3.4,0,0
ego,on,19,4,4.0,0.05,True,0,1.242,6.9,2.23,1,0
ego,on,19,5,4.0,0.05,True,0,1.665,4.8,3.94,0,0
quintic,off,0,0,2.0,0.05,True,0,0.521,6.0,1.5,0,0
quintic,off,0,1,2.0,0.05,True,1,-0.113,6.0,1.5,0,0
quintic,off,0,2,2.0,0.05,True,1,-0.11,6.0,1.5,0,0
quintic,off,0,3,2.0,0.05,True,0,0.521,6.0,1.5,0,0
quintic,off,0,4,2.0,0.05,True,0,0.521,6.0,1.5,0,0
quintic,off,0,5,2.0,0.05,True,0,0.343,6.0,1.5,0,0
quintic,off,1,0,2.0,0.05,True,0,0.174,6.0,1.5,0,0
quintic,off,1,1,2.0,0.05,True,1,-0.073,6.0,1.5,0,0
quintic,off,1,2,2.0,0.05,True,0,0.519,6.0,1.5,0,0
quintic,off,1,3,2.0,0.05,True,1,-0.115,6.0,1.5,0,0
quintic,off,1,4,2.0,0.05,True,0,0.01,6.0,1.5,0,0
quintic,off,1,5,2.0,0.05,True,0,0.4,6.0,1.5,0,0
quintic,off,2,0,2.0,0.05,True,0,0.082,6.0,1.5,0,0
quintic,off,2,1,2.0,0.05,True,0,0.48,6.0,1.5,0,0
quintic,off,2,2,2.0,0.05,True,0,0.521,6.0,1.5,0,0
quintic,off,2,3,2.0,0.05,True,0,0.29,6.0,1.5,0,0
quintic,off,2,4,2.0,0.05,True,0,0.519,6.0,1.5,0,0
quintic,off,2,5,2.0,0.05,True,0,0.285,6.0,1.5,0,0
quintic,off,3,0,2.0,0.05,True,0,0.403,6.0,1.5,0,0
quintic,off,3,1,2.0,0.05,True,1,-0.074,6.0,1.5,0,0
quintic,off,3,2,2.0,0.05,True,0,0.521,6.0,1.5,0,0
quintic,off,3,3,2.0,0.05,True,0,0.51,6.0,1.5,0,0
quintic,off,3,4,2.0,0.05,True,0,0.52,6.0,1.5,0,0
quintic,off,3,5,2.0,0.05,True,0,0.344,6.0,1.5,0,0
quintic,off,4,0,2.0,0.05,True,0,0.521,6.0,1.5,0,0
quintic,off,4,1,2.0,0.05,True,0,0.306,6.0,1.5,0,0
quintic,off,4,2,2.0,0.05,True,0,0.506,6.0,1.5,0,0
quintic,off,4,3,2.0,0.05,True,0,0.525,6.0,1.5,0,0
quintic,off,4,4,2.0,0.05,True,0,0.521,6.0,1.5,0,0
quintic,off,4,5,2.0,0.05,True,1,-0.097,6.0,1.5,0,0
quintic,off,5,0,2.0,0.05,True,0,0.521,6.0,1.5,0,0
quintic,off,5,1,2.0,0.05,True,0,0.521,6.0,1.5,0,0
quintic,off,5,2,2.0,0.05,True,0,0.521,6.0,1.5,0,0
quintic,off,5,3,2.0,0.05,True,0,0.521,6.0,1.5,0,0
quintic,off,5,4,2.0,0.05,True,0,0.521,6.0,1.5,0,0
quintic,off,5,5,2.0,0.05,True,0,0.521,6.0,1.5,0,0
quintic,off,6,0,2.0,0.05,True,0,0.521,6.0,1.5,0,0
quintic,off,6,1,2.0,0.05,True,0,0.523,6.0,1.5,0,0
quintic,off,6,2,2.0,0.05,True,0,0.521,6.0,1.5,0,0
quintic,off,6,3,2.0,0.05,True,0,0.521,6.0,1.5,0,0
quintic,off,6,4,2.0,0.05,True,0,0.521,6.0,1.5,0,0
quintic,off,6,5,2.0,0.05,True,0,0.521,6.0,1.5,0,0
quintic,off,7,0,2.0,0.05,True,0,0.521,6.0,1.5,0,0
quintic,off,7,1,2.0,0.05,True,0,0.521,6.0,1.5,0,0
quintic,off,7,2,2.0,0.05,True,1,-0.114,6.0,1.5,0,0
quintic,off,7,3,2.0,0.05,True,1,-0.112,6.0,1.5,0,0
quintic,off,7,4,2.0,0.05,True,1,-0.112,6.0,1.5,0,0
quintic,off,7,5,2.0,0.05,True,0,0.521,6.0,1.5,0,0
quintic,off,8,0,2.0,0.05,True,0,0.306,6.0,1.5,0,0
quintic,off,8,1,2.0,0.05,True,1,-0.195,6.0,1.5,0,0
quintic,off,8,2,2.0,0.05,True,0,0.521,6.0,1.5,0,0
quintic,off,8,3,2.0,0.05,True,1,-0.115,6.0,1.5,0,0
quintic,off,8,4,2.0,0.05,True,0,0.521,6.0,1.5,0,0
quintic,off,8,5,2.0,0.05,True,0,0.521,6.0,1.5,0,0
quintic,off,9,0,2.0,0.05,True,0,0.519,6.0,1.5,0,0
quintic,off,9,1,2.0,0.05,True,0,0.505,6.0,1.5,0,0
quintic,off,9,2,2.0,0.05,True,0,0.225,6.0,1.5,0,0
quintic,off,9,3,2.0,0.05,True,1,-0.121,6.0,1.5,0,0
quintic,off,9,4,2.0,0.05,True,0,0.521,6.0,1.5,0,0
quintic,off,9,5,2.0,0.05,True,0,0.23,6.0,1.5,0,0
quintic,off,10,0,2.0,0.05,True,1,-0.115,6.0,1.5,0,0
quintic,off,10,1,2.0,0.05,True,0,0.521,6.0,1.5,0,0
quintic,off,10,2,2.0,0.05,True,0,0.506,6.0,1.5,0,0
quintic,off,10,3,2.0,0.05,True,0,0.521,6.0,1.5,0,0
quintic,off,10,4,2.0,0.05,True,0,0.28,6.0,1.5,0,0
quintic,off,10,5,2.0,0.05,True,0,0.521,6.0,1.5,0,0
quintic,off,11,0,2.0,0.05,True,1,-0.31,6.0,1.5,0,0
quintic,off,11,1,2.0,0.05,True,0,0.521,6.0,1.5,0,0
quintic,off,11,2,2.0,0.05,True,0,0.106,6.0,1.5,0,0
quintic,off,11,3,2.0,0.05,True,0,0.521,6.0,1.5,0,0
quintic,off,11,4,2.0,0.05,True,0,0.499,6.0,1.5,0,0
quintic,off,11,5,2.0,0.05,True,0,0.511,6.0,1.5,0,0
quintic,off,12,0,2.0,0.05,True,0,0.104,6.0,1.5,0,0
quintic,off,12,1,2.0,0.05,True,1,-0.051,6.0,1.5,0,0
quintic,off,12,2,2.0,0.05,True,0,0.521,6.0,1.5,0,0
quintic,off,12,3,2.0,0.05,True,1,-0.046,6.0,1.5,0,0
quintic,off,12,4,2.0,0.05,True,0,0.078,6.0,1.5,0,0
quintic,off,12,5,2.0,0.05,True,1,-0.113,6.0,1.5,0,0
quintic,off,13,0,2.0,0.05,True,0,1.014,6.0,1.5,0,0
quintic,off,13,1,2.0,0.05,True,0,0.503,6.0,1.5,0,0
quintic,off,13,2,2.0,0.05,True,0,0.5,6.0,1.5,0,0
quintic,off,13,3,2.0,0.05,True,0,0.521,6.0,1.5,0,0
quintic,off,13,4,2.0,0.05,True,1,-0.113,6.0,1.5,0,0
quintic,off,13,5,2.0,0.05,True,1,-0.114,6.0,1.5,0,0
quintic,off,14,0,2.0,0.05,True,0,0.521,6.0,1.5,0,0
quintic,off,14,1,2.0,0.05,True,0,0.521,6.0,1.5,0,0
quintic,off,14,2,2.0,0.05,True,0,1.028,6.0,1.5,0,0
quintic,off,14,3,2.0,0.05,True,0,0.517,6.0,1.5,0,0
quintic,off,14,4,2.0,0.05,True,0,0.518,6.0,1.5,0,0
quintic,off,14,5,2.0,0.05,True,0,0.521,6.0,1.5,0,0
quintic,off,15,0,2.0,0.05,True,0,0.521,6.0,1.5,0,0
quintic,off,15,1,2.0,0.05,True,0,0.521,6.0,1.5,0,0
quintic,off,15,2,2.0,0.05,True,0,0.524,6.0,1.5,0,0
quintic,off,15,3,2.0,0.05,True,0,0.063,6.0,1.5,0,0
quintic,off,15,4,2.0,0.05,True,0,0.739,6.0,1.5,0,0
quintic,off,15,5,2.0,0.05,True,0,0.521,6.0,1.5,0,0
quintic,off,16,0,2.0,0.05,True,0,0.521,6.0,1.5,0,0
quintic,off,16,1,2.0,0.05,True,1,-0.112,6.0,1.5,0,0
quintic,off,16,2,2.0,0.05,True,1,-0.066,6.0,1.5,0,0
quintic,off,16,3,2.0,0.05,True,0,0.521,6.0,1.5,0,0
quintic,off,16,4,2.0,0.05,True,0,0.216,6.0,1.5,0,0
quintic,off,16,5,2.0,0.05,True,0,0.521,6.0,1.5,0,0
quintic,off,17,0,2.0,0.05,True,0,0.521,6.0,1.5,0,0
quintic,off,17,1,2.0,0.05,True,0,0.521,6.0,1.5,0,0
quintic,off,17,2,2.0,0.05,True,0,0.15,6.0,1.5,0,0
quintic,off,17,3,2.0,0.05,True,0,0.516,6.0,1.5,0,0
quintic,off,17,4,2.0,0.05,True,0,0.533,6.0,1.5,0,0
quintic,off,17,5,2.0,0.05,True,0,0.474,6.0,1.5,0,0
quintic,off,18,0,2.0,0.05,True,0,0.521,6.0,1.5,0,0
quintic,off,18,1,2.0,0.05,True,1,-0.037,6.0,1.5,0,0
quintic,off,18,2,2.0,0.05,True,1,-0.254,6.0,1.5,0,0
quintic,off,18,3,2.0,0.05,True,0,0.521,6.0,1.5,0,0
quintic,off,18,4,2.0,0.05,True,0,0.521,6.0,1.5,0,0
quintic,off,18,5,2.0,0.05,True,0,0.521,6.0,1.5,0,0
quintic,off,19,0,2.0,0.05,True,0,1.203,6.0,1.5,0,0
quintic,off,19,1,2.0,0.05,True,1,-0.196,6.0,1.5,0,0
quintic,off,19,2,2.0,0.05,True,0,0.479,6.0,1.5,0,0
quintic,off,19,3,2.0,0.05,True,0,0.519,6.0,1.5,0,0
quintic,off,19,4,2.0,0.05,True,1,-0.113,6.0,1.5,0,0
quintic,off,19,5,2.0,0.05,True,0,0.365,6.0,1.5,0,0
quintic,off,0,0,3.0,0.05,True,0,0.549,3.9,1.5,0,0
quintic,off,0,1,3.0,0.05,True,0,0.413,3.9,1.5,0,0
quintic,off,0,2,3.0,0.05,True,0,0.413,3.9,1.5,0,0
quintic,off,0,3,3.0,0.05,True,0,0.549,3.9,1.5,0,0
quintic,off,0,4,3.0,0.05,True,0,0.549,3.9,1.5,0,0
quintic,off,0,5,3.0,0.05,True,0,0.5,3.9,1.5,0,0
quintic,off,1,0,3.0,0.05,True,0,0.545,3.9,1.5,0,0
quintic,off,1,1,3.0,0.05,True,0,0.421,3.9,1.5,0,0
quintic,off,1,2,3.0,0.05,True,0,0.548,3.9,1.5,0,0
quintic,off,1,3,3.0,0.05,True,0,0.412,3.9,1.5,0,0
quintic,off,1,4,3.0,0.05,True,0,0.525,3.9,1.5,0,0
quintic,off,1,5,3.0,0.05,True,0,0.053,3.9,1.5,0,0
quintic,off,2,0,3.0,0.05,True,0,0.469,3.9,1.5,0,0
quintic,off,2,1,3.0,0.05,True,0,0.54,3.9,1.5,0,0
quintic,off,2,2,3.0,0.05,True,0,0.549,3.9,1.5,0,0
quintic,off,2,3,3.0,0.05,True,0,1.162,3.9,1.5,0,0
quintic,off,2,4,3.0,0.05,True,0,0.548,3.9,1.5,0,0
quintic,off,2,5,3.0,0.05,True,0,0.549,3.9,1.5,0,0
quintic,off,3,0,3.0,0.05,True,0,0.57,3.9,1.5,0,0
quintic,off,3,1,3.0,0.05,True,0,0.285,3.9,1.5,0,0
quintic,off,3,2,3.0,0.05,True,0,0.549,3.9,1.5,0,0
quintic,off,3,3,3.0,0.05,True,0,0.555,3.9,1.5,0,0
quintic,off,3,4,3.0,0.05,True,0,0.549,3.9,1.5,0,0
quintic,off,3,5,3.0,0.05,True,0,0.549,3.9,1.5,0,0
quintic,off,4,0,3.0,0.05,True,0,0.549,3.9,1.5,0,0
quintic,off,4,1,3.0,0.05,True,0,0.546,3.9,1.5,0,0
quintic,off,4,2,3.0,0.05,True,0,0.549,3.9,1.5,0,0
quintic,off,4,3,3.0,0.05,True,0,0.557,3.9,1.5,0,0
quintic,off,4,4,3.0,0.05,True,0,0.549,3.9,1.5,0,0
quintic,off,4,5,3.0,0.05,True,0,0.411,3.9,1.5,0,0
quintic,off,5,0,3.0,0.05,True,0,0.549,3.9,1.5,0,0
quintic,off,5,1,3.0,0.05,True,0,0.549,3.9,1.5,0,0
quintic,off,5,2,3.0,0.05,True,0,0.549,3.9,1.5,0,0
quintic,off,5,3,3.0,0.05,True,0,0.51,3.9,1.5,0,0
quintic,off,5,4,3.0,0.05,True,0,0.549,3.9,1.5,0,0
quintic,off,5,5,3.0,0.05,True,0,0.55,3.9,1.5,0,0
quintic,off,6,0,3.0,0.05,True,0,0.549,3.9,1.5,0,0
quintic,off,6,1,3.0,0.05,True,0,0.554,3.9,1.5,0,0
quintic,off,6,2,3.0,0.05,True,0,0.549,3.9,1.5,0,0
quintic,off,6,3,3.0,0.05,True,0,0.549,3.9,1.5,0,0
quintic,off,6,4,3.0,0.05,True,0,0.549,3.9,1.5,0,0
quintic,off,6,5,3.0,0.05,True,0,0.549,3.9,1.5,0,0
quintic,off,7,0,3.0,0.05,True,0,0.549,3.9,1.5,0,0
quintic,off,7,1,3.0,0.05,True,0,0.549,3.9,1.5,0,0
quintic,off,7,2,3.0,0.05,True,0,0.122,3.9,1.5,0,0
quintic,off,7,3,3.0,0.05,True,0,0.413,3.9,1.5,0,0
quintic,off,7,4,3.0,0.05,True,0,0.412,3.9,1.5,0,0
quintic,off,7,5,3.0,0.05,True,0,0.549,3.9,1.5,0,0
quintic,off,8,0,3.0,0.05,True,1,-0.029,3.9,1.5,0,0
quintic,off,8,1,3.0,0.05,True,0,0.464,3.9,1.5,0,0
quintic,off,8,2,3.0,0.05,True,0,0.549,3.9,1.5,0,0
quintic,off,8,3,3.0,0.05,True,0,0.412,3.9,1.5,0,0
quintic,off,8,4,3.0,0.05,True,0,0.549,3.9,1.5,0,0
quintic,off,8,5,3.0,0.05,True,0,0.425,3.9,1.5,0,0
quintic,off,9,0,3.0,0.05,True,0,0.548,3.9,1.5,0,0
quintic,off,9,1,3.0,0.05,True,0,0.613,3.9,1.5,0,0
quintic,off,9,2,3.0,0.05,True,0,0.205,3.9,1.5,0,0
quintic,off,9,3,3.0,0.05,True,1,-0.131,3.9,1.5,0,0
quintic,off,9,4,3.0,0.05,True,0,0.55,3.9,1.5,0,0
quintic,off,9,5,3.0,0.05,True,0,0.226,3.9,1.5,0,0
quintic,off,10,0,3.0,0.05,True,1,-0.058,3.9,1.5,0,0
quintic,off,10,1,3.0,0.05,True,0,0.549,3.9,1.5,0,0
quintic,off,10,2,3.0,0.05,True,0,0.538,3.9,1.5,0,0
quintic,off,10,3,3.0,0.05,True,0,0.549,3.9,1.5,0,0
quintic,off,10,4,3.0,0.05,True,0,0.472,3.9,1.5,0,0
quintic,off,10,5,3.0,0.05,True,0,0.303,3.9,1.5,0,0
quintic,off,11,0,3.0,0.05,True,0,0.671,3.9,1.5,0,0
quintic,off,11,1,3.0,0.05,True,0,0.549,3.9,1.5,0,0
quintic,off,11,2,3.0,0.05,True,0,0.386,3.9,1.5,0,0
quintic,off,11,3,3.0,0.05,True,0,0.549,3.9,1.5,0,0
quintic,off,11,4,3.0,0.05,True,0,0.544,3.9,1.5,0,0
quintic,off,11,5,3.0,0.05,True,0,0.528,3.9,1.5,0,0
quintic,off,12,0,3.0,0.05,True,0,1.77,3.9,1.5,0,0
quintic,off,12,1,3.0,0.05,True,0,0.549,3.9,1.5,0,0
quintic,off,12,2,3.0,0.05,True,0,0.549,3.9,1.5,0,0
quintic,off,12,3,3.0,0.05,True,0,0.428,3.9,1.5,0,0
quintic,off,12,4,3.0,0.05,True,1,-0.122,3.9,1.5,0,0
quintic,off,12,5,3.0,0.05,True,0,0.412,3.9,1.5,0,0
quintic,off,13,0,3.0,0.05,True,0,0.323,3.9,1.5,0,0
quintic,off,13,1,3.0,0.05,True,0,0.545,3.9,1.5,0,0
quintic,off,13,2,3.0,0.05,True,0,0.545,3.9,1.5,0,0
quintic,off,13,3,3.0,0.05,True,0,0.549,3.9,1.5,0,0
quintic,off,13,4,3.0,0.05,True,0,0.203,3.9,1.5,0,0
quintic,off,13,5,3.0,0.05,True,0,0.413,3.9,1.5,0,0
quintic,off,14,0,3.0,0.05,True,0,0.549,3.9,1.5,0,0
quintic,off,14,1,3.0,0.05,True,0,0.549,3.9,1.5,0,0
quintic,off,14,2,3.0,0.05,True,0,1.153,3.9,1.5,0,0
quintic,off,14,3,3.0,0.05,True,0,0.549,3.9,1.5,0,0
quintic,off,14,4,3.0,0.05,True,0,0.548,3.9,1.5,0,0
quintic,off,14,5,3.0,0.05,True,0,0.549,3.9,1.5,0,0
quintic,off,15,0,3.0,0.05,True,0,0.549,3.9,1.5,0,0
quintic,off,15,1,3.0,0.05,True,0,0.549,3.9,1.5,0,0
quintic,off,15,2,3.0,0.05,True,0,0.549,3.9,1.5,0,0
quintic,off,15,3,3.0,0.05,True,0,0.472,3.9,1.5,0,0
quintic,off,15,4,3.0,0.05,True,0,0.53,3.9,1.5,0,0
quintic,off,15,5,3.0,0.05,True,0,0.023,3.9,1.5,0,0
quintic,off,16,0,3.0,0.05,True,0,0.549,3.9,1.5,0,0
quintic,off,16,1,3.0,0.05,True,0,0.411,3.9,1.5,0,0
quintic,off,16,2,3.0,0.05,True,0,0.549,3.9,1.5,0,0
quintic,off,16,3,3.0,0.05,True,0,0.549,3.9,1.5,0,0
quintic,off,16,4,3.0,0.05,True,0,0.549,3.9,1.5,0,0
quintic,off,16,5,3.0,0.05,True,0,0.525,3.9,1.5,0,0
quintic,off,17,0,3.0,0.05,True,0,0.549,3.9,1.5,0,0
quintic,off,17,1,3.0,0.05,True,0,0.549,3.9,1.5,0,0
quintic,off,17,2,3.0,0.05,True,0,0.431,3.9,1.5,0,0
quintic,off,17,3,3.0,0.05,True,0,0.548,3.9,1.5,0,0
quintic,off,17,4,3.0,0.05,True,0,0.778,3.9,1.5,0,0
quintic,off,17,5,3.0,0.05,True,0,0.53,3.9,1.5,0,0
quintic,off,18,0,3.0,0.05,True,0,0.549,3.9,1.5,0,0
quintic,off,18,1,3.0,0.05,True,0,0.265,3.9,1.5,0,0
quintic,off,18,2,3.0,0.05,True,0,0.379,3.9,1.5,0,0
quintic,off,18,3,3.0,0.05,True,0,0.549,3.9,1.5,0,0
quintic,off,18,4,3.0,0.05,True,0,0.549,3.9,1.5,0,0
quintic,off,18,5,3.0,0.05,True,0,0.549,3.9,1.5,0,0
quintic,off,19,0,3.0,0.05,True,0,1.77,3.9,1.5,0,0
quintic,off,19,1,3.0,0.05,True,0,0.245,3.9,1.5,0,0
quintic,off,19,2,3.0,0.05,True,0,0.523,3.9,1.5,0,0
quintic,off,19,3,3.0,0.05,True,0,0.548,3.9,1.5,0,0
quintic,off,19,4,3.0,0.05,True,0,0.492,3.9,1.5,0,0
quintic,off,19,5,3.0,0.05,True,0,0.339,3.9,1.5,0,0
quintic,off,0,0,4.0,0.05,True,0,1.195,3.0,1.5,0,0
quintic,off,0,1,4.0,0.05,True,0,0.34,3.0,1.5,0,0
quintic,off,0,2,4.0,0.05,True,0,0.34,3.0,1.5,0,0
quintic,off,0,3,4.0,0.05,True,0,1.148,3.0,1.5,0,0
quintic,off,0,4,4.0,0.05,True,0,1.148,3.0,1.5,0,0
quintic,off,0,5,4.0,0.05,True,0,0.313,3.0,1.5,0,0
quintic,off,1,0,4.0,0.05,True,0,0.909,3.0,1.5,0,0
quintic,off,1,1,4.0,0.05,True,0,0.371,3.0,1.5,0,0
quintic,off,1,2,4.0,0.05,True,0,1.145,3.0,1.5,0,0
quintic,off,1,3,4.0,0.05,True,0,0.337,3.0,1.5,0,0
quintic,off,1,4,4.0,0.05,True,0,0.635,3.0,1.5,0,0
quintic,off,1,5,4.0,0.05,True,0,0.372,3.0,1.5,0,0
quintic,off,2,0,4.0,0.05,True,0,0.305,3.0,1.5,0,0
quintic,off,2,1,4.0,0.05,True,0,1.093,3.0,1.5,0,0
quintic,off,2,2,4.0,0.05,True,0,1.148,3.0,1.5,0,0
quintic,off,2,3,4.0,0.05,True,0,4.024,3.0,1.5,0,0
quintic,off,2,4,4.0,0.05,True,0,1.142,3.0,1.5,0,0
quintic,off,2,5,4.0,0.05,True,0,0.155,3.0,1.5,0,0
quintic,off,3,0,4.0,0.05,True,0,1.046,3.0,1.5,0,0
quintic,off,3,1,4.0,0.05,True,0,0.136,3.0,1.5,0,0
quintic,off,3,2,4.0,0.05,True,0,1.147,3.0,1.5,0,0
quintic,off,3,3,4.0,0.05,True,0,1.133,3.0,1.5,0,0
quintic,off,3,4,4.0,0.05,True,0,1.147,3.0,1.5,0,0
quintic,off,3,5,4.0,0.05,True,0,1.148,3.0,1.5,0,0
quintic,off,4,0,4.0,0.05,True,0,1.147,3.0,1.5,0,0
quintic,off,4,1,4.0,0.05,True,0,1.001,3.0,1.5,0,0
quintic,off,4,2,4.0,0.05,True,0,1.148,3.0,1.5,0,0
quintic,off,4,3,4.0,0.05,True,0,1.133,3.0,1.5,0,0
quintic,off,4,4,4.0,0.05,True,0,1.147,3.0,1.5,0,0
quintic,off,4,5,4.0,0.05,True,0,0.352,3.0,1.5,0,0
quintic,off,5,0,4.0,0.05,True,0,1.148,3.0,1.5,0,0
quintic,off,5,1,4.0,0.05,True,0,1.148,3.0,1.5,0,0
quintic,off,5,2,4.0,0.05,True,0,1.148,3.0,1.5,0,0
quintic,off,5,3,4.0,0.05,True,0,0.407,3.0,1.5,0,0
quintic,off,5,4,4.0,0.05,True,0,1.148,3.0,1.5,0,0
quintic,off,5,5,4.0,0.05,True,0,1.144,3.0,1.5,0,0
quintic,off,6,0,4.0,0.05,True,0,1.147,3.0,1.5,0,0
quintic,off,6,1,4.0,0.05,True,0,1.131,3.0,1.5,0,0
quintic,off,6,2,4.0,0.05,True,0,1.148,3.0,1.5,0,0
quintic,off,6,3,4.0,0.05,True,0,1.147,3.0,1.5,0,0
quintic,off,6,4,4.0,0.05,True,0,1.148,3.0,1.5,0,0
quintic,off,6,5,4.0,0.05,True,0,1.148,3.0,1.5,0,0
quintic,off,7,0,4.0,0.05,True,0,1.148,3.0,1.5,0,0
quintic,off,7,1,4.0,0.05,True,0,1.148,3.0,1.5,0,0
quintic,off,7,2,4.0,0.05,True,0,0.193,3.0,1.5,0,0
quintic,off,7,3,4.0,0.05,True,0,0.34,3.0,1.5,0,0
quintic,off,7,4,4.0,0.05,True,0,0.336,3.0,1.5,0,0
quintic,off,7,5,4.0,0.05,True,0,1.147,3.0,1.5,0,0
quintic,off,8,0,4.0,0.05,True,1,-0.067,3.0,1.5,0,0
quintic,off,8,1,4.0,0.05,True,0,0.652,3.0,1.5,0,0
quintic,off,8,2,4.0,0.05,True,0,0.676,3.0,1.5,0,0
quintic,off,8,3,4.0,0.05,True,0,0.337,3.0,1.5,0,0
quintic,off,8,4,4.0,0.05,True,0,1.148,3.0,1.5,0,0
quintic,off,8,5,4.0,0.05,True,0,0.88,3.0,1.5,0,0
quintic,off,9,0,4.0,0.05,True,0,1.144,3.0,1.5,0,0
quintic,off,9,1,4.0,0.05,True,0,2.746,3.0,1.5,0,0
quintic,off,9,2,4.0,0.05,True,0,0.423,3.0,1.5,0,0
quintic,off,9,3,4.0,0.05,True,0,0.419,3.0,1.5,0,0
quintic,off,9,4,4.0,0.05,True,0,1.146,3.0,1.5,0,0
quintic,off,9,5,4.0,0.05,True,0,0.235,3.0,1.5,0,0
quintic,off,10,0,4.0,0.05,True,0,0.2,3.0,1.5,0,0
quintic,off,10,1,4.0,0.05,True,0,1.147,3.0,1.5,0,0
quintic,off,10,2,4.0,0.05,True,0,0.633,3.0,1.5,0,0
quintic,off,10,3,4.0,0.05,True,0,1.147,3.0,1.5,0,0
quintic,off,10,4,4.0,0.05,True,0,0.7,3.0,1.5,0,0
quintic,off,10,5,4.0,0.05,True,0,0.234,3.0,1.5,0,0
quintic,off,11,0,4.0,0.05,True,0,1.527,3.0,1.5,0,0
quintic,off,11,1,4.0,0.05,True,0,1.148,3.0,1.5,0,0
quintic,off,11,2,4.0,0.05,True,0,0.707,3.0,1.5,0,0
quintic,off,11,3,4.0,0.05,True,0,1.148,3.0,1.5,0,0
quintic,off,11,4,4.0,0.05,True,0,1.103,3.0,1.5,0,0
quintic,off,11,5,4.0,0.05,True,1,-0.219,3.0,1.5,0,0
quintic,off,12,0,4.0,0.05,True,1,-0.092,3.0,1.5,0,0
quintic,off,12,1,4.0,0.05,True,0,0.083,3.0,1.5,0,0
quintic,off,12,2,4.0,0.05,True,0,1.048,3.0,1.5,0,0
quintic,off,12,3,4.0,0.05,True,0,0.396,3.0,1.5,0,0
quintic,off,12,4,4.0,0.05,True,0,0.109,3.0,1.5,0,0
quintic,off,12,5,4.0,0.05,True,0,0.338,3.0,1.5,0,0
quintic,off,13,0,4.0,0.05,True,0,0.822,3.0,1.5,0,0
quintic,off,13,1,4.0,0.05,True,0,1.122,3.0,1.5,0,0
quintic,off,13,2,4.0,0.05,True,0,1.126,3.0,1.5,0,0
quintic,off,13,3,4.0,0.05,True,0,1.147,3.0,1.5,0,0
quintic,off,13,4,4.0,0.05,True,0,0.069,3.0,1.5,0,0
quintic,off,13,5,4.0,0.05,True,0,0.34,3.0,1.5,0,0
quintic,off,14,0,4.0,0.05,True,0,1.148,3.0,1.5,0,0
quintic,off,14,1,4.0,0.05,True,0,1.147,3.0,1.5,0,0
quintic,off,14,2,4.0,0.05,True,0,0.61,3.0,1.5,0,0
quintic,off,14,3,4.0,0.05,True,0,1.147,3.0,1.5,0,0
quintic,off,14,4,4.0,0.05,True,0,1.143,3.0,1.5,0,0
quintic,off,14,5,4.0,0.05,True,0,1.148,3.0,1.5,0,0
quintic,off,15,0,4.0,0.05,True,0,1.147,3.0,1.5,0,0
quintic,off,15,1,4.0,0.05,True,0,1.148,3.0,1.5,0,0
quintic,off,15,2,4.0,0.05,True,0,1.156,3.0,1.5,0,0
quintic,off,15,3,4.0,0.05,True,0,0.552,3.0,1.5,0,0
quintic,off,15,4,4.0,0.05,True,0,0.374,3.0,1.5,0,0
quintic,off,15,5,4.0,0.05,True,0,0.278,3.0,1.5,0,0
quintic,off,16,0,4.0,0.05,True,0,1.147,3.0,1.5,0,0
quintic,off,16,1,4.0,0.05,True,0,0.334,3.0,1.5,0,0
quintic,off,16,2,4.0,0.05,True,0,0.961,3.0,1.5,0,0
quintic,off,16,3,4.0,0.05,True,0,1.147,3.0,1.5,0,0
quintic,off,16,4,4.0,0.05,True,0,1.148,3.0,1.5,0,0
quintic,off,16,5,4.0,0.05,True,0,1.062,3.0,1.5,0,0
quintic,off,17,0,4.0,0.05,True,0,1.148,3.0,1.5,0,0
quintic,off,17,1,4.0,0.05,True,0,1.147,3.0,1.5,0,0
quintic,off,17,2,4.0,0.05,True,0,0.479,3.0,1.5,0,0
quintic,off,17,3,4.0,0.05,True,0,1.162,3.0,1.5,0,0
quintic,off,17,4,4.0,0.05,True,0,0.477,3.0,1.5,0,0
quintic,off,17,5,4.0,0.05,True,0,1.19,3.0,1.5,0,0
quintic,off,18,0,4.0,0.05,True,0,1.148,3.0,1.5,0,0
quintic,off,18,1,4.0,0.05,True,0,0.516,3.0,1.5,0,0
quintic,off,18,2,4.0,0.05,True,1,-0.21,3.0,1.5,0,0
quintic,off,18,3,4.0,0.05,True,0,1.148,3.0,1.5,0,0
quintic,off,18,4,4.0,0.05,True,0,1.132,3.0,1.5,0,0
quintic,off,18,5,4.0,0.05,True,0,1.148,3.0,1.5,0,0
quintic,off,19,0,4.0,0.05,True,0,5.503,3.0,1.5,0,0
quintic,off,19,1,4.0,0.05,True,0,1.327,3.0,1.5,0,0
quintic,off,19,2,4.0,0.05,True,0,0.223,3.0,1.5,0,0
quintic,off,19,3,4.0,0.05,True,0,1.145,3.0,1.5,0,0
quintic,off,19,4,4.0,0.05,True,0,0.658,3.0,1.5,0,0
quintic,off,19,5,4.0,0.05,True,0,0.136,3.0,1.5,0,0
quintic,on,0,0,2.0,0.05,True,0,1.986,10.8,10.12,0,0
quintic,on,0,1,2.0,0.05,True,0,1.971,10.8,10.12,0,0
quintic,on,0,2,2.0,0.05,True,0,2.634,11.7,11.61,0,0
quintic,on,0,3,2.0,0.05,True,0,1.556,6.9,2.87,0,0
quintic,on,0,4,2.0,0.05,True,0,1.986,10.8,10.12,0,0
quintic,on,0,5,2.0,0.05,True,0,2.815,11.7,11.61,0,0
quintic,on,1,0,2.0,0.05,True,0,2.556,11.7,11.61,0,0
quintic,on,1,1,2.0,0.05,True,0,2.817,11.7,11.61,0,0
quintic,on,1,2,2.0,0.05,True,0,1.986,10.8,10.12,0,0
quintic,on,1,3,2.0,0.05,True,0,1.971,10.8,10.12,0,0
quintic,on,1,4,2.0,0.05,True,0,1.985,10.8,10.12,0,0
quintic,on,1,5,2.0,0.05,True,0,2.855,11.7,11.61,0,0
quintic,on,2,0,2.0,0.05,True,0,2.817,11.7,11.61,0,0
quintic,on,2,1,2.0,0.05,True,0,1.985,10.8,10.12,0,0
quintic,on,2,2,2.0,0.05,True,0,1.692,7.5,2.99,0,0
quintic,on,2,3,2.0,0.05,True,0,3.894,10.2,7.1,0,0
quintic,on,2,4,2.0,0.05,True,0,1.986,10.8,10.12,0,0
quintic,on,2,5,2.0,0.05,True,0,1.666,11.1,10.47,0,0
quintic,on,3,0,2.0,0.05,True,0,1.978,10.8,10.12,0,0
quintic,on,3,1,2.0,0.05,True,0,1.314,10.8,10.13,0,0
quintic,on,3,2,2.0,0.05,True,0,2.818,11.7,11.61,0,0
quintic,on,3,3,2.0,0.05,True,0,1.989,10.8,10.12,0,0
quintic,on,3,4,2.0,0.05,True,0,1.785,12.6,11.61,0,0
quintic,on,3,5,2.0,0.05,True,0,1.986,10.8,10.12,0,0
quintic,on,4,0,2.0,0.05,True,0,1.949,11.1,10.14,0,0
quintic,on,4,1,2.0,0.05,True,0,1.988,10.8,10.12,0,0
quintic,on,4,2,2.0,0.05,True,0,1.973,10.8,10.12,0,0
quintic,on,4,3,2.0,0.05,True,0,1.981,10.8,10.12,0,0
quintic,on,4,4,2.0,0.05,True,0,1.986,10.8,10.12,0,0
quintic,on,4,5,2.0,0.05,True,0,1.944,11.1,10.14,0,0
quintic,on,5,0,2.0,0.05,True,0,1.497,10.8,10.12,0,0
quintic,on,5,1,2.0,0.05,True,0,1.986,10.8,10.12,0,0
quintic,on,5,2,2.0,0.05,True,0,1.986,10.8,10.12,0,0
quintic,on,5,3,2.0,0.05,True,0,1.421,11.7,11.61,0,0
quintic,on,5,4,2.0,0.05,True,0,2.818,11.7,11.61,0,0
quintic,on,5,5,2.0,0.05,True,0,2.818,11.7,11.61,0,0
quintic,on,6,0,2.0,0.05,True,0,1.986,10.8,10.12,0,0
quintic,on,6,1,2.0,0.05,True,0,1.984,10.8,10.12,0,0
quintic,on,6,2,2.0,0.05,True,0,1.986,10.8,10.12,0,0
quintic,on,6,3,2.0,0.05,True,0,1.957,11.1,10.14,0,0
quintic,on,6,4,2.0,0.05,True,0,1.986,10.8,10.12,0,0
quintic,on,6,5,2.0,0.05,True,0,1.986,10.8,10.12,0,0
quintic,on,7,0,2.0,0.05,True,0,1.973,10.8,10.12,0,0
quintic,on,7,1,2.0,0.05,True,0,1.986,10.8,10.12,0,0
quintic,on,7,2,2.0,0.05,True,0,2.817,11.7,11.61,0,0
quintic,on,7,3,2.0,0.05,True,0,1.526,11.7,11.61,0,0
quintic,on,7,4,2.0,0.05,True,0,1.944,11.1,10.14,0,0
quintic,on,7,5,2.0,0.05,True,0,2.818,11.7,11.61,0,0
quintic,on,8,0,2.0,0.05,True,0,1.972,10.8,10.12,0,0
quintic,on,8,1,2.0,0.05,True,0,2.059,11.7,16.32,0,0
quintic,on,8,2,2.0,0.05,True,0,1.986,10.8,10.12,0,0
quintic,on,8,3,2.0,0.05,True,0,1.227,11.1,10.12,0,0
quintic,on,8,4,2.0,0.05,True,0,1.986,10.8,10.12,0,0
quintic,on,8,5,2.0,0.05,True,0,1.973,10.8,10.12,0,0
quintic,on,9,0,2.0,0.05,True,0,1.986,10.8,10.12,0,0
quintic,on,9,1,2.0,0.05,True,0,4.257,8.4,7.42,0,0
quintic,on,9,2,2.0,0.05,True,0,1.289,10.8,10.12,0,0
quintic,on,9,3,2.0,0.05,True,0,2.294,12.6,15.31,0,0
quintic,on,9,4,2.0,0.05,True,0,1.985,10.8,10.12,0,0
quintic,on,9,5,2.0,0.05,True,0,2.013,11.7,11.61,0,0
quintic,on,10,0,2.0,0.05,True,0,2.817,11.7,11.61,0,0
quintic,on,10,1,2.0,0.05,True,0,1.986,10.8,10.12,0,0
quintic,on,10,2,2.0,0.05,True,0,1.949,11.1,10.14,0,0
quintic,on,10,3,2.0,0.05,True,0,1.986,10.8,10.12,0,0
quintic,on,10,4,2.0,0.05,True,0,1.945,11.1,10.14,0,0
quintic,on,10,5,2.0,0.05,True,0,1.527,6.0,1.5,0,0
quintic,on,11,0,2.0,0.05,True,0,2.789,10.2,6.22,0,0
quintic,on,11,1,2.0,0.05,True,0,1.986,10.8,10.12,0,0
quintic,on,11,2,2.0,0.05,True,0,2.815,11.7,11.61,0,0
quintic,on,11,3,2.0,0.05,True,0,1.554,11.7,11.61,0,0
quintic,on,11,4,2.0,0.05,True,0,1.985,10.8,10.12,0,0
quintic,on,11,5,2.0,0.05,True,0,1.997,10.8,10.12,0,0
quintic,on,12,0,2.0,0.05,True,0,2.784,10.2,6.22,0,0
quintic,on,12,1,2.0,0.05,True,0,1.986,10.8,10.12,0,0
quintic,on,12,2,2.0,0.05,True,0,1.986,10.8,10.12,0,0
quintic,on,12,3,2.0,0.05,True,0,1.972,10.8,10.12,0,0
quintic,on,12,4,2.0,0.05,True,0,1.844,9.3,5.54,0,0
quintic,on,12,5,2.0,0.05,True,0,1.971,10.8,10.12,0,0
quintic,on,13,0,2.0,0.05,True,0,2.608,11.7,11.61,0,0
quintic,on,13,1,2.0,0.05,True,0,1.985,10.8,10.12,0,0
quintic,on,13,2,2.0,0.05,True,0,1.785,12.3,13.03,0,0
quintic,on,13,3,2.0,0.05,True,0,1.986,10.8,10.12,0,0
quintic,on,13,4,2.0,0.05,True,0,1.971,10.8,10.12,0,0
quintic,on,13,5,2.0,0.05,True,0,1.972,10.8,10.12,0,0
quintic,on,14,0,2.0,0.05,True,0,1.21,11.1,10.12,0,0
quintic,on,14,1,2.0,0.05,True,0,2.711,11.7,11.61,0,0
quintic,on,14,2,2.0,0.05,True,0,2.434,10.2,6.22,0,0
quintic,on,14,3,2.0,0.05,True,0,1.986,10.8,10.12,0,0
quintic,on,14,4,2.0,0.05,True,0,1.986,10.8,10.12,0,0
quintic,on,14,5,2.0,0.05,True,0,2.818,11.7,11.61,0,0
quintic,on,15,0,2.0,0.05,True,0,1.949,11.1,10.14,0,0
quintic,on,15,1,2.0,0.05,True,0,2.818,11.7,11.61,0,0
quintic,on,15,2,2.0,0.05,True,0,2.818,11.7,11.61,0,0
quintic,on,15,3,2.0,0.05,True,0,1.771,10.8,10.12,0,0
quintic,on,15,4,2.0,0.05,True,0,1.086,7.8,3.87,0,0
quintic,on,15,5,2.0,0.05,True,0,1.719,12.3,13.03,0,0
quintic,on,16,0,2.0,0.05,True,0,2.818,11.7,11.61,0,0
quintic,on,16,1,2.0,0.05,True,0,1.645,12.3,13.03,0,0
quintic,on,16,2,2.0,0.05,True,0,1.986,10.8,10.12,0,0
quintic,on,16,3,2.0,0.05,True,0,2.818,11.7,11.61,0,0
quintic,on,16,4,2.0,0.05,True,0,2.818,11.7,11.61,0,0
quintic,on,16,5,2.0,0.05,True,0,2.825,11.7,11.61,0,0
quintic,on,17,0,2.0,0.05,True,0,1.986,10.8,10.12,0,0
quintic,on,17,1,2.0,0.05,True,0,1.986,10.8,10.12,0,0
quintic,on,17,2,2.0,0.05,True,0,1.972,10.8,10.12,0,0
quintic,on,17,3,2.0,0.05,True,0,2.818,11.7,11.61,0,0
quintic,on,17,4,2.0,0.05,True,0,1.129,7.2,3.88,0,0
quintic,on,17,5,2.0,0.05,True,0,1.985,10.8,10.12,0,0
quintic,on,18,0,2.0,0.05,True,0,1.986,10.8,10.12,0,0
quintic,on,18,1,2.0,0.05,True,0,1.099,7.2,3.88,0,0
quintic,on,18,2,2.0,0.05,True,0,0.898,7.2,3.88,0,0
quintic,on,18,3,2.0,0.05,True,0,1.986,10.8,10.12,0,0
quintic,on,18,4,2.0,0.05,True,0,1.973,10.8,10.12,0,0
quintic,on,18,5,2.0,0.05,True,0,1.986,10.8,10.12,0,0
quintic,on,19,0,2.0,0.05,True,0,1.094,9.6,4.42,0,0
quintic,on,19,1,2.0,0.05,True,0,2.651,11.7,11.61,0,0
quintic,on,19,2,2.0,0.05,True,0,1.985,10.8,10.12,0,0
quintic,on,19,3,2.0,0.05,True,0,2.818,11.7,11.61,0,0
quintic,on,19,4,2.0,0.05,True,0,1.973,10.8,10.12,0,0
quintic,on,19,5,2.0,0.05,True,0,1.411,6.0,1.5,0,0
quintic,on,0,0,3.0,0.05,True,0,2.547,6.3,5.48,0,0
quintic,on,0,1,3.0,0.05,True,0,2.068,6.3,5.48,0,0
quintic,on,0,2,3.0,0.05,True,0,1.061,4.5,1.5,0,0
quintic,on,0,3,3.0,0.05,True,0,1.735,5.7,5.01,0,0
quintic,on,0,4,3.0,0.05,True,0,2.557,6.3,5.48,0,0
quintic,on,0,5,3.0,0.05,True,0,1.069,4.2,1.5,0,0
quintic,on,1,0,3.0,0.05,True,0,1.673,6.0,5.01,0,0
quintic,on,1,1,3.0,0.05,True,0,2.079,6.3,5.48,0,0
quintic,on,1,2,3.0,0.05,True,0,2.543,6.3,5.48,0,0
quintic,on,1,3,3.0,0.05,True,0,1.085,4.5,1.5,0,0
quintic,on,1,4,3.0,0.05,True,0,1.534,6.3,5.48,0,0
quintic,on,1,5,3.0,0.05,True,0,2.173,6.3,5.48,0,0
quintic,on,2,0,3.0,0.05,True,0,1.249,4.2,1.5,0,0
quintic,on,2,1,3.0,0.05,True,0,2.325,6.3,5.48,0,0
quintic,on,2,2,3.0,0.05,True,0,2.563,6.0,5.44,0,0
quintic,on,2,3,3.0,0.05,True,0,0.879,7.2,2.75,0,0
quintic,on,2,4,3.0,0.05,True,0,2.544,6.3,5.48,0,0
quintic,on,2,5,3.0,0.05,True,0,1.551,4.2,1.5,0,0
quintic,on,3,0,3.0,0.05,True,0,1.29,4.2,1.5,0,0
quintic,on,3,1,3.0,0.05,True,0,1.242,4.2,1.5,0,0
quintic,on,3,2,3.0,0.05,True,0,1.561,4.2,1.5,0,0
quintic,on,3,3,3.0,0.05,True,0,2.515,6.3,5.48,0,0
quintic,on,3,4,3.0,0.05,True,0,1.076,5.7,3.04,0,0
quintic,on,3,5,3.0,0.05,True,0,1.665,6.3,5.48,0,0
quintic,on,4,0,3.0,0.05,True,0,2.854,6.3,5.48,0,0
quintic,on,4,1,3.0,0.05,True,0,2.164,6.3,5.48,0,0
quintic,on,4,2,3.0,0.05,True,0,2.502,6.3,5.48,0,0
quintic,on,4,3,3.0,0.05,True,0,2.556,6.3,5.48,0,0
quintic,on,4,4,3.0,0.05,True,0,1.416,4.5,1.5,0,0
quintic,on,4,5,3.0,0.05,True,0,2.103,6.3,5.48,0,0
quintic,on,5,0,3.0,0.05,True,0,1.567,6.3,5.48,0,0
quintic,on,5,1,3.0,0.05,True,0,1.561,4.2,1.5,0,0
quintic,on,5,2,3.0,0.05,True,0,1.561,4.2,1.5,0,0
quintic,on,5,3,3.0,0.05,True,0,1.518,4.2,1.5,0,0
quintic,on,5,4,3.0,0.05,True,0,1.735,5.7,5.01,0,0
quintic,on,5,5,3.0,0.05,True,0,2.548,6.3,5.48,0,0
quintic,on,6,0,3.0,0.05,True,0,2.547,6.3,5.48,0,0
quintic,on,6,1,3.0,0.05,True,0,2.332,6.3,5.48,0,0
quintic,on,6,2,3.0,0.05,True,0,1.735,5.7,5.01,0,0
quintic,on,6,3,3.0,0.05,True,0,1.561,4.2,1.5,0,0
quintic,on,6,4,3.0,0.05,True,0,1.588,4.2,1.5,0,0
quintic,on,6,5,3.0,0.05,True,0,2.547,6.3,5.48,0,0
quintic,on,7,0,3.0,0.05,True,0,1.561,4.2,1.5,0,0
quintic,on,7,1,3.0,0.05,True,0,2.547,6.3,5.48,0,0
quintic,on,7,2,3.0,0.05,True,0,1.591,6.3,5.48,0,0
quintic,on,7,3,3.0,0.05,True,0,1.107,4.5,1.5,0,0
quintic,on,7,4,3.0,0.05,True,0,2.069,6.3,5.48,0,0
quintic,on,7,5,3.0,0.05,True,0,2.547,6.3,5.48,0,0
quintic,on,8,0,3.0,0.05,True,0,2.091,6.3,5.48,0,0
quintic,on,8,1,3.0,0.05,True,0,1.448,4.2,1.5,0,0
quintic,on,8,2,3.0,0.05,True,0,2.547,6.3,5.48,0,0
quintic,on,8,3,3.0,0.05,True,0,1.02,4.5,1.5,0,0
quintic,on,8,4,3.0,0.05,True,0,1.243,4.2,1.5,0,0
quintic,on,8,5,3.0,0.05,True,0,1.172,5.7,3.04,0,0
quintic,on,9,0,3.0,0.05,True,0,2.544,6.3,5.48,0,0
quintic,on,9,1,3.0,0.05,True,0,3.322,6.0,5.38,0,0
quintic,on,9,2,3.0,0.05,True,0,1.112,4.8,1.5,0,0
quintic,on,9,3,3.0,0.05,True,0,1.995,6.3,6.26,0,0
quintic,on,9,4,3.0,0.05,True,0,2.546,6.3,5.48,0,0
quintic,on,9,5,3.0,0.05,True,0,2.151,6.0,5.49,0,0
quintic,on,10,0,3.0,0.05,True,0,2.048,6.0,5.49,0,0
quintic,on,10,1,3.0,0.05,True,0,1.735,5.7,5.01,0,0
quintic,on,10,2,3.0,0.05,True,0,1.203,4.2,1.5,0,0
quintic,on,10,3,3.0,0.05,True,0,1.251,4.2,1.5,0,0
quintic,on,10,4,3.0,0.05,True,0,1.326,4.2,1.5,0,0
quintic,on,10,5,3.0,0.05,True,0,2.043,6.3,6.26,0,0
quintic,on,11,0,3.0,0.05,True,0,3.99,6.3,4.94,0,0
quintic,on,11,1,3.0,0.05,True,0,1.735,5.7,5.01,0,0
quintic,on,11,2,3.0,0.05,True,0,2.15,6.3,5.48,0,0
quintic,on,11,3,3.0,0.05,True,0,1.561,4.2,1.5,0,0
quintic,on,11,4,3.0,0.05,True,0,2.823,6.3,5.48,0,0
quintic,on,11,5,3.0,0.05,True,0,2.292,6.3,5.48,0,0
quintic,on,12,0,3.0,0.05,True,0,1.571,5.7,4.22,0,0
quintic,on,12,1,3.0,0.05,True,0,2.094,6.3,5.48,0,0
quintic,on,12,2,3.0,0.05,True,0,2.459,6.3,5.48,0,0
quintic,on,12,3,3.0,0.05,True,0,1.197,6.0,5.48,0,0
quintic,on,12,4,3.0,0.05,True,0,1.407,6.0,5.38,0,0
quintic,on,12,5,3.0,0.05,True,0,2.068,6.3,5.48,0,0
quintic,on,13,0,3.0,0.05,True,0,1.305,6.0,5.48,0,0
quintic,on,13,1,3.0,0.05,True,0,2.523,6.3,5.48,0,0
quintic,on,13,2,3.0,0.05,True,0,1.469,5.7,4.63,0,0
quintic,on,13,3,3.0,0.05,True,0,1.561,4.2,1.5,0,0
quintic,on,13,4,3.0,0.05,True,0,1.058,4.2,1.5,0,0
quintic,on,13,5,3.0,0.05,True,0,2.068,6.3,5.48,0,0
quintic,on,14,0,3.0,0.05,True,0,0.932,5.7,3.04,0,0
quintic,on,14,1,3.0,0.05,True,0,2.855,6.3,5.48,0,0
quintic,on,14,2,3.0,0.05,True,0,2.579,6.0,4.6,0,0
quintic,on,14,3,3.0,0.05,True,0,1.242,4.5,1.5,0,0
quintic,on,14,4,3.0,0.05,True,0,1.998,6.3,5.48,0,0
quintic,on,14,5,3.0,0.05,True,0,2.855,6.3,5.48,0,0
quintic,on,15,0,3.0,0.05,True,0,2.546,6.3,5.48,0,0
quintic,on,15,1,3.0,0.05,True,0,2.547,6.3,5.48,0,0
quintic,on,15,2,3.0,0.05,True,0,1.736,5.7,5.01,0,0
quintic,on,15,3,3.0,0.05,True,0,1.543,6.3,5.48,0,0
quintic,on,15,4,3.0,0.05,True,0,1.079,5.7,2.99,0,0
quintic,on,15,5,3.0,0.05,True,0,2.073,6.0,5.49,0,0
quintic,on,16,0,3.0,0.05,True,0,0.986,5.7,3.04,0,0
quintic,on,16,1,3.0,0.05,True,0,1.483,6.3,5.48,0,0
quintic,on,16,2,3.0,0.05,True,0,2.128,6.3,5.48,0,0
quintic,on,16,3,3.0,0.05,True,0,2.547,6.3,5.48,0,0
quintic,on,16,4,3.0,0.05,True,0,1.996,6.0,5.49,0,0
quintic,on,16,5,3.0,0.05,True,0,2.567,6.3,5.48,0,0
quintic,on,17,0,3.0,0.05,True,0,1.735,5.7,5.01,0,0
quintic,on,17,1,3.0,0.05,True,0,2.438,6.3,5.48,0,0
quintic,on,17,2,3.0,0.05,True,0,2.186,6.3,5.48,0,0
quintic,on,17,3,3.0,0.05,True,0,1.737,5.7,5.01,0,0
quintic,on,17,4,3.0,0.05,True,0,1.13,5.4,3.01,0,0
quintic,on,17,5,3.0,0.05,True,0,2.46,6.3,5.48,0,0
quintic,on,18,0,3.0,0.05,True,0,2.552,6.3,5.48,0,0
quintic,on,18,1,3.0,0.05,True,0,1.099,5.4,3.01,0,0
quintic,on,18,2,3.0,0.05,True,0,0.907,5.4,3.01,0,0
quintic,on,18,3,3.0,0.05,True,0,2.547,6.3,5.48,0,0
quintic,on,18,4,3.0,0.05,True,0,1.561,4.2,1.5,0,0
quintic,on,18,5,3.0,0.05,True,0,1.561,4.2,1.5,0,0
quintic,on,19,0,3.0,0.05,True,0,2.746,5.7,5.01,0,0
quintic,on,19,1,3.0,0.05,True,0,1.824,5.7,5.01,0,0
quintic,on,19,2,3.0,0.05,True,0,2.48,6.3,5.48,0,0
quintic,on,19,3,3.0,0.05,True,0,2.547,6.3,5.48,0,0
quintic,on,19,4,3.0,0.05,True,0,1.227,5.7,5.01,0,0
quintic,on,19,5,3.0,0.05,True,0,1.323,4.2,1.5,0,0
quintic,on,0,0,4.0,0.05,True,0,1.682,3.0,1.5,0,0
quintic,on,0,1,4.0,0.05,True,0,1.124,3.3,1.5,0,0
quintic,on,0,2,4.0,0.05,True,0,1.097,3.0,1.5,0,0
quintic,on,0,3,4.0,0.05,True,0,2.148,3.3,1.5,0,0
quintic,on,0,4,4.0,0.05,True,0,1.648,3.0,1.5,0,0
quintic,on,0,5,4.0,0.05,True,0,1.626,3.3,1.5,0,0
quintic,on,1,0,4.0,0.05,True,0,1.473,3.3,1.5,0,0
quintic,on,1,1,4.0,0.05,True,0,1.497,3.3,1.5,0,0
quintic,on,1,2,4.0,0.05,True,0,1.645,3.0,1.5,0,0
quintic,on,1,3,4.0,0.05,True,0,1.948,4.5,4.71,0,0
quintic,on,1,4,4.0,0.05,True,0,1.605,4.5,4.71,0,0
quintic,on,1,5,4.0,0.05,True,0,1.58,3.3,1.5,0,0
quintic,on,2,0,4.0,0.05,True,0,1.548,3.0,1.5,0,0
quintic,on,2,1,4.0,0.05,True,0,1.194,3.0,1.5,0,0
quintic,on,2,2,4.0,0.05,True,0,1.648,3.0,1.5,0,0
quintic,on,2,3,4.0,0.05,True,0,1.411,4.2,2.7,0,0
quintic,on,2,4,4.0,0.05,True,0,1.643,3.0,1.5,0,0
quintic,on,2,5,4.0,0.05,True,0,1.43,3.3,1.5,0,0
quintic,on,3,0,4.0,0.05,True,0,1.555,3.0,1.5,0,0
quintic,on,3,1,4.0,0.05,True,0,1.014,3.0,1.5,0,0
quintic,on,3,2,4.0,0.05,True,0,1.648,3.0,1.5,0,0
quintic,on,3,3,4.0,0.05,True,0,1.635,3.0,1.5,0,0
quintic,on,3,4,4.0,0.05,True,0,2.148,3.3,1.5,0,0
quintic,on,3,5,4.0,0.05,True,0,1.92,4.2,4.25,0,0
quintic,on,4,0,4.0,0.05,True,0,1.647,3.0,1.5,0,0
quintic,on,4,1,4.0,0.05,True,0,1.51,3.0,1.5,0,0
quintic,on,4,2,4.0,0.05,True,0,1.648,3.0,1.5,0,0
quintic,on,4,3,4.0,0.05,True,0,1.635,3.0,1.5,0,0
quintic,on,4,4,4.0,0.05,True,0,2.056,3.0,1.5,0,0
quintic,on,4,5,4.0,0.05,True,0,1.503,3.3,1.5,0,0
quintic,on,5,0,4.0,0.05,True,0,1.249,3.3,1.5,0,0
quintic,on,5,1,4.0,0.05,True,0,1.648,3.0,1.5,0,0
quintic,on,5,2,4.0,0.05,True,0,1.249,3.0,1.5,0,0
quintic,on,5,3,4.0,0.05,True,0,2.02,4.5,5.11,0,0
quintic,on,5,4,4.0,0.05,True,0,1.648,3.0,1.5,0,0
quintic,on,5,5,4.0,0.05,True,0,1.644,3.0,1.5,0,0
quintic,on,6,0,4.0,0.05,True,0,1.648,3.0,1.5,0,0
quintic,on,6,1,4.0,0.05,True,0,1.633,3.0,1.5,0,0
quintic,on,6,2,4.0,0.05,True,0,1.648,3.0,1.5,0,0
quintic,on,6,3,4.0,0.05,True,0,1.648,3.0,1.5,0,0
quintic,on,6,4,4.0,0.05,True,0,1.648,3.0,1.5,0,0
quintic,on,6,5,4.0,0.05,True,0,1.648,3.0,1.5,0,0
quintic,on,7,0,4.0,0.05,True,0,1.648,3.0,1.5,0,0
quintic,on,7,1,4.0,0.05,True,0,2.148,3.3,1.5,0,0
quintic,on,7,2,4.0,0.05,True,0,1.233,3.3,1.5,0,0
quintic,on,7,3,4.0,0.05,True,0,1.207,3.0,1.5,0,0
quintic,on,7,4,4.0,0.05,True,0,1.193,3.0,1.5,0,0
quintic,on,7,5,4.0,0.05,True,0,2.0,4.5,4.71,0,0
quintic,on,8,0,4.0,0.05,True,0,1.166,3.3,1.5,0,0
quintic,on,8,1,4.0,0.05,True,0,1.619,3.3,1.5,0,0
quintic,on,8,2,4.0,0.05,True,0,1.557,3.0,1.5,0,0
quintic,on,8,3,4.0,0.05,True,0,1.085,3.6,1.5,0,0
quintic,on,8,4,4.0,0.05,True,0,1.648,3.0,1.5,0,0
quintic,on,8,5,4.0,0.05,True,0,1.516,4.2,3.85,0,0
quintic,on,9,0,4.0,0.05,True,0,1.645,3.0,1.5,0,0
quintic,on,9,1,4.0,0.05,True,0,3.711,3.3,1.5,0,0
quintic,on,9,2,4.0,0.05,True,0,1.334,3.0,1.5,0,0
quintic,on,9,3,4.0,0.05,True,0,1.621,4.5,5.1,0,0
quintic,on,9,4,4.0,0.05,True,0,1.646,3.0,1.5,0,0
quintic,on,9,5,4.0,0.05,True,0,1.54,3.6,1.5,0,0
quintic,on,10,0,4.0,0.05,True,0,1.659,3.3,1.5,0,0
quintic,on,10,1,4.0,0.05,True,0,1.648,3.0,1.5,0,0
quintic,on,10,2,4.0,0.05,True,0,1.588,3.3,1.5,0,0
quintic,on,10,3,4.0,0.05,True,0,2.056,3.0,1.5,0,0
quintic,on,10,4,4.0,0.05,True,0,1.679,3.3,1.5,0,0
quintic,on,10,5,4.0,0.05,True,0,1.948,4.5,5.11,0,0
quintic,on,11,0,4.0,0.05,True,0,1.809,4.2,3.64,0,0
quintic,on,11,1,4.0,0.05,True,0,1.648,3.0,1.5,0,0
quintic,on,11,2,4.0,0.05,True,0,1.505,3.0,1.5,0,0
quintic,on,11,3,4.0,0.05,True,0,1.648,3.0,1.5,0,0
quintic,on,11,4,4.0,0.05,True,0,1.997,4.5,4.71,0,0
quintic,on,11,5,4.0,0.05,True,0,1.163,3.3,1.5,0,0
quintic,on,12,0,4.0,0.05,True,0,1.169,4.5,2.7,0,0
quintic,on,12,1,4.0,0.05,True,0,1.778,4.2,4.25,0,0
quintic,on,12,2,4.0,0.05,True,0,1.92,4.2,4.25,0,0
quintic,on,12,3,4.0,0.05,True,0,1.048,3.3,1.5,0,0
quintic,on,12,4,4.0,0.05,True,0,2.109,4.5,4.19,0,0
quintic,on,12,5,4.0,0.05,True,0,1.062,3.3,1.5,0,0
quintic,on,13,0,4.0,0.05,True,0,2.208,4.8,4.74,0,0
quintic,on,13,1,4.0,0.05,True,0,1.621,3.0,1.5,0,0
quintic,on,13,2,4.0,0.05,True,0,1.626,3.0,1.5,0,0
quintic,on,13,3,4.0,0.05,True,0,1.647,3.0,1.5,0,0
quintic,on,13,4,4.0,0.05,True,0,1.891,4.2,4.29,0,0
quintic,on,13,5,4.0,0.05,True,0,1.129,3.3,1.5,0,0
quintic,on,14,0,4.0,0.05,True,0,1.614,3.0,1.5,0,0
quintic,on,14,1,4.0,0.05,True,0,1.647,3.0,1.5,0,0
quintic,on,14,2,4.0,0.05,True,0,1.675,4.5,4.02,0,0
quintic,on,14,3,4.0,0.05,True,0,1.648,3.0,1.5,0,0
quintic,on,14,4,4.0,0.05,True,0,1.643,3.0,1.5,0,0
quintic,on,14,5,4.0,0.05,True,0,1.648,3.0,1.5,0,0
quintic,on,15,0,4.0,0.05,True,0,2.0,4.5,4.71,0,0
quintic,on,15,1,4.0,0.05,True,0,1.648,3.0,1.5,0,0
quintic,on,15,2,4.0,0.05,True,0,1.655,3.0,1.5,0,0
quintic,on,15,3,4.0,0.05,True,0,1.349,4.5,4.71,0,0
quintic,on,15,4,4.0,0.05,True,0,1.071,4.5,2.73,0,0
quintic,on,15,5,4.0,0.05,True,0,1.407,4.5,4.71,0,0
quintic,on,16,0,4.0,0.05,True,0,1.648,3.3,1.5,0,0
quintic,on,16,1,4.0,0.05,True,0,1.628,4.5,4.71,0,0
quintic,on,16,2,4.0,0.05,True,0,1.869,4.5,4.71,0,0
quintic,on,16,3,4.0,0.05,True,0,1.648,3.0,1.5,0,0
quintic,on,16,4,4.0,0.05,True,0,1.648,3.0,1.5,0,0
quintic,on,16,5,4.0,0.05,True,0,2.062,3.3,1.5,0,0
quintic,on,17,0,4.0,0.05,True,0,1.648,3.0,1.5,0,0
quintic,on,17,1,4.0,0.05,True,0,1.647,3.0,1.5,0,0
quintic,on,17,2,4.0,0.05,True,0,1.359,3.6,1.5,0,0
quintic,on,17,3,4.0,0.05,True,0,1.659,3.0,1.5,0,0
quintic,on,17,4,4.0,0.05,True,0,1.131,4.2,2.76,0,0
quintic,on,17,5,4.0,0.05,True,0,1.716,3.0,1.5,0,0
quintic,on,18,0,4.0,0.05,True,0,1.648,3.0,1.5,0,0
quintic,on,18,1,4.0,0.05,True,0,1.099,4.2,2.76,0,0
quintic,on,18,2,4.0,0.05,True,0,0.928,4.2,2.76,0,0
quintic,on,18,3,4.0,0.05,True,0,1.648,3.0,1.5,0,0
quintic,on,18,4,4.0,0.05,True,0,1.634,3.0,1.5,0,0
quintic,on,18,5,4.0,0.05,True,0,1.648,3.0,1.5,0,0
quintic,on,19,0,4.0,0.05,True,0,5.503,3.0,1.5,0,0
quintic,on,19,1,4.0,0.05,True,0,1.221,4.5,2.7,0,0
quintic,on,19,2,4.0,0.05,True,0,1.508,3.3,1.5,0,0
quintic,on,19,3,4.0,0.05,True,0,1.645,3.0,1.5,0,0
quintic,on,19,4,4.0,0.05,True,0,1.329,3.3,1.5,0,0
quintic,on,19,5,4.0,0.05,True,0,1.343,3.3,1.5,0,0
septic,off,0,0,2.0,0.05,True,0,1.364,6.6,1.5,0,0
septic,off,0,1,2.0,0.05,True,1,-0.156,6.6,1.5,0,0
septic,off,0,2,2.0,0.05,True,1,-0.143,6.6,1.5,0,0
septic,off,0,3,2.0,0.05,True,0,1.364,6.6,1.5,0,0
septic,off,0,4,2.0,0.05,True,0,1.352,6.6,1.5,0,0
septic,off,0,5,2.0,0.05,True,0,0.442,6.6,1.5,0,0
septic,off,1,0,2.0,0.05,True,0,0.159,6.6,1.5,0,0
septic,off,1,1,2.0,0.05,True,0,0.005,6.6,1.5,0,0
septic,off,1,2,2.0,0.05,True,0,1.362,6.6,1.5,0,0
septic,off,1,3,2.0,0.05,True,1,-0.167,6.6,1.5,0,0
septic,off,1,4,2.0,0.05,True,0,0.112,6.6,1.5,0,0
septic,off,1,5,2.0,0.05,True,0,1.307,6.6,1.5,0,0
septic,off,2,0,2.0,0.05,True,0,0.397,6.6,1.5,0,0
septic,off,2,1,2.0,0.05,True,0,1.3,6.6,1.5,0,0
septic,off,2,2,2.0,0.05,True,0,1.066,6.6,1.5,0,0
septic,off,2,3,2.0,0.05,True,0,0.702,6.6,1.5,0,0
septic,off,2,4,2.0,0.05,True,0,1.358,6.6,1.5,0,0
septic,off,2,5,2.0,0.05,True,0,0.782,6.6,1.5,0,0
septic,off,3,0,2.0,0.05,True,0,0.949,6.6,1.5,0,0
septic,off,3,1,2.0,0.05,True,1,-0.073,6.6,1.5,0,0
septic,off,3,2,2.0,0.05,True,0,1.364,6.6,1.5,0,0
septic,off,3,3,2.0,0.05,True,0,1.146,6.6,1.5,0,0
septic,off,3,4,2.0,0.05,True,0,1.374,6.6,1.5,0,0
septic,off,3,5,2.0,0.05,True,0,0.305,6.6,1.5,0,0
septic,off,4,0,2.0,0.05,True,0,1.363,6.6,1.5,0,0
septic,off,4,1,2.0,0.05,True,0,0.712,6.6,1.5,0,0
septic,off,4,2,2.0,0.05,True,0,1.379,6.6,1.5,0,0
septic,off,4,3,2.0,0.05,True,0,1.347,6.6,1.5,0,0
septic,off,4,4,2.0,0.05,True,0,0.521,6.6,1.5,0,0
septic,off,4,5,2.0,0.05,True,1,-0.045,6.6,1.5,0,0
septic,off,5,0,2.0,0.05,True,0,1.364,6.6,1.5,0,0
septic,off,5,1,2.0,0.05,True,0,0.944,6.6,1.5,0,0
septic,off,5,2,2.0,0.05,True,0,1.221,6.6,1.5,0,0
septic,off,5,3,2.0,0.05,True,0,1.364,6.6,1.5,0,0
septic,off,5,4,2.0,0.05,True,0,1.242,6.6,1.5,0,0
septic,off,5,5,2.0,0.05,True,0,1.361,6.6,1.5,0,0
septic,off,6,0,2.0,0.05,True,0,1.364,6.6,1.5,0,0
septic,off,6,1,2.0,0.05,True,0,1.359,6.6,1.5,0,0
septic,off,6,2,2.0,0.05,True,0,1.364,6.6,1.5,0,0
septic,off,6,3,2.0,0.05,True,0,1.364,6.6,1.5,0,0
septic,off,6,4,2.0,0.05,True,0,1.364,6.6,1.5,0,0
septic,off,6,5,2.0,0.05,True,0,1.364,6.6,1.5,0,0
septic,off,7,0,2.0,0.05,True,0,1.364,6.6,1.5,0,0
septic,off,7,1,2.0,0.05,True,0,1.364,6.6,1.5,0,0
septic,off,7,2,2.0,0.05,True,1,-0.164,6.6,1.5,0,0
septic,off,7,3,2.0,0.05,True,1,-0.154,6.6,1.5,0,0
septic,off,7,4,2.0,0.05,True,1,-0.152,6.6,1.5,0,0
septic,off,7,5,2.0,0.05,True,0,1.364,6.6,1.5,0,0
septic,off,8,0,2.0,0.05,True,0,0.451,6.6,1.5,0,0
septic,off,8,1,2.0,0.05,True,1,-0.092,6.6,1.5,0,0
septic,off,8,2,2.0,0.05,True,0,1.364,6.6,1.5,0,0
septic,off,8,3,2.0,0.05,True,1,-0.167,6.6,1.5,0,0
septic,off,8,4,2.0,0.05,True,0,1.364,6.6,1.5,0,0
septic,off,8,5,2.0,0.05,True,0,1.364,6.6,1.5,0,0
septic,off,9,0,2.0,0.05,True,0,1.361,6.6,1.5,0,0
septic,off,9,1,2.0,0.05,True,0,0.982,6.6,1.5,0,0
septic,off,9,2,2.0,0.05,True,0,0.771,6.6,1.5,0,0
septic,off,9,3,2.0,0.05,True,0,0.072,6.6,1.5,0,0
septic,off,9,4,2.0,0.05,True,0,1.366,6.6,1.5,0,0
septic,off,9,5,2.0,0.05,True,0,0.262,6.6,1.5,0,0
septic,off,10,0,2.0,0.05,True,1,-0.167,6.6,1.5,0,0
septic,off,10,1,2.0,0.05,True,0,1.364,6.6,1.5,0,0
septic,off,10,2,2.0,0.05,True,0,1.339,6.6,1.5,0,0
septic,off,10,3,2.0,0.05,True,0,1.364,6.6,1.5,0,0
septic,off,10,4,2.0,0.05,True,0,1.128,6.6,1.5,0,0
septic,off,10,5,2.0,0.05,True,0,1.364,6.6,1.5,0,0
septic,off,11,0,2.0,0.05,True,0,2.058,6.6,1.5,0,0
septic,off,11,1,2.0,0.05,True,0,1.344,6.6,1.5,0,0
septic,off,11,2,2.0,0.05,True,0,0.465,6.6,1.5,0,0
septic,off,11,3,2.0,0.05,True,0,1.364,6.6,1.5,0,0
septic,off,11,4,2.0,0.05,True,0,1.33,6.6,1.5,0,0
septic,off,11,5,2.0,0.05,True,0,1.398,6.6,1.5,0,0
septic,off,12,0,2.0,0.05,True,0,1.817,6.6,1.5,0,0
septic,off,12,1,2.0,0.05,True,0,0.357,6.6,1.5,0,0
septic,off,12,2,2.0,0.05,True,0,1.364,6.6,1.5,0,0
septic,off,12,3,2.0,0.05,True,0,0.223,6.6,1.5,0,0
septic,off,12,4,2.0,0.05,True,0,0.928,6.6,1.5,0,0
septic,off,12,5,2.0,0.05,True,1,-0.157,6.6,1.5,0,0
septic,off,13,0,2.0,0.05,True,0,0.77,6.6,1.5,0,0
septic,off,13,1,2.0,0.05,True,0,1.336,6.6,1.5,0,0
septic,off,13,2,2.0,0.05,True,0,0.114,6.6,1.5,0,0
septic,off,13,3,2.0,0.05,True,0,1.364,6.6,1.5,0,0
septic,off,13,4,2.0,0.05,True,1,-0.158,6.6,1.5,0,0
septic,off,13,5,2.0,0.05,True,1,-0.166,6.6,1.5,0,0
septic,off,14,0,2.0,0.05,True,0,1.364,6.6,1.5,0,0
septic,off,14,1,2.0,0.05,True,0,1.364,6.6,1.5,0,0
septic,off,14,2,2.0,0.05,True,0,1.159,6.6,1.5,0,0
septic,off,14,3,2.0,0.05,True,0,1.384,6.6,1.5,0,0
septic,off,14,4,2.0,0.05,True,0,0.263,6.6,1.5,0,0
septic,off,14,5,2.0,0.05,True,0,1.364,6.6,1.5,0,0
septic,off,15,0,2.0,0.05,True,0,1.364,6.6,1.5,0,0
septic,off,15,1,2.0,0.05,True,0,1.364,6.6,1.5,0,0
septic,off,15,2,2.0,0.05,True,0,1.352,6.6,1.5,0,0
septic,off,15,3,2.0,0.05,True,0,0.13,6.6,1.5,0,0
septic,off,15,4,2.0,0.05,True,1,-0.155,6.6,1.5,0,0
septic,off,15,5,2.0,0.05,True,0,1.367,6.6,1.5,0,0
septic,off,16,0,2.0,0.05,True,0,1.364,6.6,1.5,0,0
septic,off,16,1,2.0,0.05,True,1,-0.156,6.6,1.5,0,0
septic,off,16,2,2.0,0.05,True,0,0.639,6.6,1.5,0,0
septic,off,16,3,2.0,0.05,True,0,1.364,6.6,1.5,0,0
septic,off,16,4,2.0,0.05,True,0,0.052,6.6,1.5,0,0
septic,off,16,5,2.0,0.05,True,0,1.323,6.6,1.5,0,0
septic,off,17,0,2.0,0.05,True,0,1.364,6.6,1.5,0,0
septic,off,17,1,2.0,0.05,True,0,1.344,6.6,1.5,0,0
septic,off,17,2,2.0,0.05,True,0,0.575,6.6,1.5,0,0
septic,off,17,3,2.0,0.05,True,0,1.356,6.6,1.5,0,0
septic,off,17,4,2.0,0.05,True,0,0.435,6.6,1.5,0,0
septic,off,17,5,2.0,0.05,True,0,1.244,6.6,1.5,0,0
septic,off,18,0,2.0,0.05,True,0,1.364,6.6,1.5,0,0
septic,off,18,1,2.0,0.05,True,1,-0.086,6.6,1.5,0,0
septic,off,18,2,2.0,0.05,True,0,0.258,6.6,1.5,0,0
septic,off,18,3,2.0,0.05,True,0,1.364,6.6,1.5,0,0
septic,off,18,4,2.0,0.05,True,0,1.362,6.6,1.5,0,0
septic,off,18,5,2.0,0.05,True,0,1.364,6.6,1.5,0,0
septic,off,19,0,2.0,0.05,True,0,0.328,6.6,1.5,0,0
septic,off,19,1,2.0,0.05,True,0,2.65,6.6,1.5,0,0
septic,off,19,2,2.0,0.05,True,0,1.282,6.6,1.5,0,0
septic,off,19,3,2.0,0.05,True,0,1.361,6.6,1.5,0,0
septic,off,19,4,2.0,0.05,True,1,-0.01,6.6,1.5,0,0
septic,off,19,5,2.0,0.05,True,0,1.145,6.6,1.5,0,0
septic,off,0,0,3.0,0.05,True,0,0.017,4.2,1.5,0,0
septic,off,0,1,3.0,0.05,True,0,0.001,4.2,1.5,0,0
septic,off,0,2,3.0,0.05,True,0,0.001,4.2,1.5,0,0
septic,off,0,3,3.0,0.05,True,0,0.017,4.2,1.5,0,0
septic,off,0,4,3.0,0.05,True,0,0.017,4.2,1.5,0,0
septic,off,0,5,3.0,0.05,True,0,0.008,4.2,1.5,0,0
septic,off,1,0,3.0,0.05,True,0,0.026,4.2,1.5,0,0
septic,off,1,1,3.0,0.05,True,0,0.001,4.2,1.5,0,0
septic,off,1,2,3.0,0.05,True,0,0.017,4.2,1.5,0,0
septic,off,1,3,3.0,0.05,True,0,0.001,4.2,1.5,0,0
septic,off,1,4,3.0,0.05,True,0,0.014,4.2,1.5,0,0
septic,off,1,5,3.0,0.05,True,1,-0.023,4.2,1.5,0,0
septic,off,2,0,3.0,0.05,True,0,0.004,4.2,1.5,0,0
septic,off,2,1,3.0,0.05,True,0,0.015,4.2,1.5,0,0
septic,off,2,2,3.0,0.05,True,0,0.017,4.2,1.5,0,0
septic,off,2,3,3.0,0.05,True,1,-0.033,4.2,1.5,0,0
septic,off,2,4,3.0,0.05,True,0,0.017,4.2,1.5,0,0
septic,off,2,5,3.0,0.05,True,0,0.017,4.2,1.5,0,0
septic,off,3,0,3.0,0.05,True,0,0.013,4.2,1.5,0,0
septic,off,3,1,3.0,0.05,True,1,-0.004,4.2,1.5,0,0
septic,off,3,2,3.0,0.05,True,0,0.017,4.2,1.5,0,0
septic,off,3,3,3.0,0.05,True,0,0.018,4.2,1.5,0,0
septic,off,3,4,3.0,0.05,True,0,0.017,4.2,1.5,0,0
septic,off,3,5,3.0,0.05,True,0,0.017,4.2,1.5,0,0
septic,off,4,0,3.0,0.05,True,0,0.017,4.2,1.5,0,0
septic,off,4,1,3.0,0.05,True,0,0.017,4.2,1.5,0,0
septic,off,4,2,3.0,0.05,True,0,0.017,4.2,1.5,0,0
septic,off,4,3,3.0,0.05,True,0,0.019,4.2,1.5,0,0
septic,off,4,4,3.0,0.05,True,0,0.017,4.2,1.5,0,0
septic,off,4,5,3.0,0.05,True,0,0.001,4.2,1.5,0,0
septic,off,5,0,3.0,0.05,True,0,0.017,4.2,1.5,0,0
septic,off,5,1,3.0,0.05,True,0,0.017,4.2,1.5,0,0
septic,off,5,2,3.0,0.05,True,0,0.017,4.2,1.5,0,0
septic,off,5,3,3.0,0.05,True,0,0.017,4.2,1.5,0,0
septic,off,5,4,3.0,0.05,True,0,0.017,4.2,1.5,0,0
septic,off,5,5,3.0,0.05,True,0,0.017,4.2,1.5,0,0
septic,off,6,0,3.0,0.05,True,0,0.017,4.2,1.5,0,0
septic,off,6,1,3.0,0.05,True,0,0.016,4.2,1.5,0,0
septic,off,6,2,3.0,0.05,True,0,0.017,4.2,1.5,0,0
septic,off,6,3,3.0,0.05,True,0,0.017,4.2,1.5,0,0
septic,off,6,4,3.0,0.05,True,0,0.017,4.2,1.5,0,0
septic,off,6,5,3.0,0.05,True,0,0.017,4.2,1.5,0,0
septic,off,7,0,3.0,0.05,True,0,0.017,4.2,1.5,0,0
septic,off,7,1,3.0,0.05,True,0,0.017,4.2,1.5,0,0
septic,off,7,2,3.0,0.05,True,0,0.001,4.2,1.5,0,0
septic,off,7,3,3.0,0.05,True,0,0.001,4.2,1.5,0,0
septic,off,7,4,3.0,0.05,True,0,0.001,4.2,1.5,0,0
septic,off,7,5,3.0,0.05,True,0,0.017,4.2,1.5,0,0
septic,off,8,0,3.0,0.05,True,0,0.003,4.2,1.5,0,0
septic,off,8,1,3.0,0.05,True,1,-0.07,4.2,1.5,0,0
septic,off,8,2,3.0,0.05,True,0,0.017,4.2,1.5,0,0
septic,off,8,3,3.0,0.05,True,0,0.001,4.2,1.5,0,0
septic,off,8,4,3.0,0.05,True,0,0.017,4.2,1.5,0,0
septic,off,8,5,3.0,0.05,True,0,0.017,4.2,1.5,0,0
septic,off,9,0,3.0,0.05,True,0,0.017,4.2,1.5,0,0
septic,off,9,1,3.0,0.05,True,0,0.276,4.2,1.5,0,0
septic,off,9,2,3.0,0.05,True,0,0.003,4.2,1.5,0,0
septic,off,9,3,3.0,0.05,True,0,0.001,4.2,1.5,0,0
septic,off,9,4,3.0,0.05,True,0,0.017,4.2,1.5,0,0
septic,off,9,5,3.0,0.05,True,0,0.016,4.2,1.5,0,0
septic,off,10,0,3.0,0.05,True,0,0.001,4.2,1.5,0,0
septic,off,10,1,3.0,0.05,True,0,0.017,4.2,1.5,0,0
septic,off,10,2,3.0,0.05,True,0,0.016,4.2,1.5,0,0
septic,off,10,3,3.0,0.05,True,0,0.017,4.2,1.5,0,0
septic,off,10,4,3.0,0.05,True,0,0.003,4.2,1.5,0,0
septic,off,10,5,3.0,0.05,True,0,0.017,4.2,1.5,0,0
septic,off,11,0,3.0,0.05,True,0,0.284,4.2,1.5,0,0
septic,off,11,1,3.0,0.05,True,0,0.017,4.2,1.5,0,0
septic,off,11,2,3.0,0.05,True,0,0.006,4.2,1.5,0,0
septic,off,11,3,3.0,0.05,True,0,0.017,4.2,1.5,0,0
septic,off,11,4,3.0,0.05,True,0,0.016,4.2,1.5,0,0
septic,off,11,5,3.0,0.05,True,0,0.014,4.2,1.5,0,0
septic,off,12,0,3.0,0.05,True,0,0.286,4.2,1.5,0,0
septic,off,12,1,3.0,0.05,True,0,0.017,4.2,1.5,0,0
septic,off,12,2,3.0,0.05,True,0,0.017,4.2,1.5,0,0
septic,off,12,3,3.0,0.05,True,0,0.001,4.2,1.5,0,0
septic,off,12,4,3.0,0.05,True,0,0.237,4.2,1.5,0,0
septic,off,12,5,3.0,0.05,True,0,0.001,4.2,1.5,0,0
septic,off,13,0,3.0,0.05,True,0,0.122,4.2,1.5,0,0
septic,off,13,1,3.0,0.05,True,0,0.016,4.2,1.5,0,0
septic,off,13,2,3.0,0.05,True,0,0.016,4.2,1.5,0,0
septic,off,13,3,3.0,0.05,True,0,0.017,4.2,1.5,0,0
septic,off,13,4,3.0,0.05,True,0,0.001,4.2,1.5,0,0
septic,off,13,5,3.0,0.05,True,0,0.001,4.2,1.5,0,0
septic,off,14,0,3.0,0.05,True,0,0.017,4.2,1.5,0,0
septic,off,14,1,3.0,0.05,True,0,0.017,4.2,1.5,0,0
septic,off,14,2,3.0,0.05,True,1,-0.131,4.2,1.5,0,0
septic,off,14,3,3.0,0.05,True,0,0.017,4.2,1.5,0,0
septic,off,14,4,3.0,0.05,True,0,0.017,4.2,1.5,0,0
septic,off,14,5,3.0,0.05,True,0,0.017,4.2,1.5,0,0
septic,off,15,0,3.0,0.05,True,0,0.017,4.2,1.5,0,0
septic,off,15,1,3.0,0.05,True,0,0.017,4.2,1.5,0,0
septic,off,15,2,3.0,0.05,True,0,0.017,4.2,1.5,0,0
septic,off,15,3,3.0,0.05,True,0,0.005,4.2,1.5,0,0
septic,off,15,4,3.0,0.05,True,0,0.286,4.2,1.5,0,0
septic,off,15,5,3.0,0.05,True,0,0.017,4.2,1.5,0,0
septic,off,16,0,3.0,0.05,True,0,0.017,4.2,1.5,0,0
septic,off,16,1,3.0,0.05,True,0,0.001,4.2,1.5,0,0
septic,off,16,2,3.0,0.05,True,0,0.017,4.2,1.5,0,0
septic,off,16,3,3.0,0.05,True,0,0.017,4.2,1.5,0,0
septic,off,16,4,3.0,0.05,True,0,0.017,4.2,1.5,0,0
septic,off,16,5,3.0,0.05,True,0,0.011,4.2,1.5,0,0
septic,off,17,0,3.0,0.05,True,0,0.017,4.2,1.5,0,0
septic,off,17,1,3.0,0.05,True,0,0.017,4.2,1.5,0,0
septic,off,17,2,3.0,0.05,True,0,0.001,4.2,1.5,0,0
septic,off,17,3,3.0,0.05,True,0,0.017,4.2,1.5,0,0
septic,off,17,4,3.0,0.05,True,0,0.099,4.2,1.5,0,0
septic,off,17,5,3.0,0.05,True,0,0.015,4.2,1.5,0,0
septic,off,18,0,3.0,0.05,True,0,0.017,4.2,1.5,0,0
septic,off,18,1,3.0,0.05,True,1,-0.018,4.2,1.5,0,0
septic,off,18,2,3.0,0.05,True,0,0.205,4.2,1.5,0,0
septic,off,18,3,3.0,0.05,True,0,0.017,4.2,1.5,0,0
septic,off,18,4,3.0,0.05,True,0,0.017,4.2,1.5,0,0
septic,off,18,5,3.0,0.05,True,0,0.017,4.2,1.5,0,0
septic,off,19,0,3.0,0.05,True,0,0.286,4.2,1.5,0,0
septic,off,19,1,3.0,0.05,True,0,0.284,4.2,1.5,0,0
septic,off,19,2,3.0,0.05,True,0,0.016,4.2,1.5,0,0
septic,off,19,3,3.0,0.05,True,0,0.017,4.2,1.5,0,0
septic,off,19,4,3.0,0.05,True,0,0.011,4.2,1.5,0,0
septic,off,19,5,3.0,0.05,True,0,0.011,4.2,1.5,0,0
septic,off,0,0,4.0,0.05,True,0,0.685,3.0,1.5,0,0
septic,off,0,1,4.0,0.05,True,1,-0.25,3.0,1.5,0,0
septic,off,0,2,4.0,0.05,True,1,-0.236,3.0,1.5,0,0
septic,off,0,3,4.0,0.05,True,0,0.701,3.0,1.5,0,0
septic,off,0,4,4.0,0.05,True,0,0.701,3.0,1.5,0,0
septic,off,0,5,4.0,0.05,True,0,0.405,3.0,1.5,0,0
septic,off,1,0,4.0,0.05,True,0,0.596,3.0,1.5,0,0
septic,off,1,1,4.0,0.05,True,1,-0.133,3.0,1.5,0,0
septic,off,1,2,4.0,0.05,True,0,0.698,3.0,1.5,0,0
septic,off,1,3,4.0,0.05,True,1,-0.265,3.0,1.5,0,0
septic,off,1,4,4.0,0.05,True,0,0.477,3.0,1.5,0,0
septic,off,1,5,4.0,0.05,True,0,0.65,3.0,1.5,0,0
septic,off,2,0,4.0,0.05,True,0,0.18,3.0,1.5,0,0
septic,off,2,1,4.0,0.05,True,0,0.653,3.0,1.5,0,0
septic,off,2,2,4.0,0.05,True,0,0.701,3.0,1.5,0,0
septic,off,2,3,4.0,0.05,True,0,4.235,3.0,1.5,0,0
septic,off,2,4,4.0,0.05,True,0,0.697,3.0,1.5,0,0
septic,off,2,5,4.0,0.05,True,0,0.363,3.0,1.5,0,0
septic,off,3,0,4.0,0.05,True,0,0.685,3.0,1.5,0,0
septic,off,3,1,4.0,0.05,True,1,-0.0,3.0,1.5,0,0
septic,off,3,2,4.0,0.05,True,0,0.701,3.0,1.5,0,0
septic,off,3,3,4.0,0.05,True,0,0.699,3.0,1.5,0,0
septic,off,3,4,4.0,0.05,True,0,0.701,3.0,1.5,0,0
septic,off,3,5,4.0,0.05,True,0,0.701,3.0,1.5,0,0
septic,off,4,0,4.0,0.05,True,0,0.7,3.0,1.5,0,0
septic,off,4,1,4.0,0.05,True,0,0.651,3.0,1.5,0,0
septic,off,4,2,4.0,0.05,True,0,0.701,3.0,1.5,0,0
septic,off,4,3,4.0,0.05,True,0,0.699,3.0,1.5,0,0
septic,off,4,4,4.0,0.05,True,0,0.701,3.0,1.5,0,0
septic,off,4,5,4.0,0.05,True,1,-0.216,3.0,1.5,0,0
septic,off,5,0,4.0,0.05,True,0,0.701,3.0,1.5,0,0
septic,off,5,1,4.0,0.05,True,0,0.701,3.0,1.5,0,0
septic,off,5,2,4.0,0.05,True,0,0.701,3.0,1.5,0,0
septic,off,5,3,4.0,0.05,True,0,0.661,3.0,1.5,0,0
septic,off,5,4,4.0,0.05,True,0,0.701,3.0,1.5,0,0
septic,off,5,5,4.0,0.05,True,0,0.7,3.0,1.5,0,0
septic,off,6,0,4.0,0.05,True,0,0.701,3.0,1.5,0,0
septic,off,6,1,4.0,0.05,True,0,0.699,3.0,1.5,0,0
septic,off,6,2,4.0,0.05,True,0,0.701,3.0,1.5,0,0
septic,off,6,3,4.0,0.05,True,0,0.701,3.0,1.5,0,0
septic,off,6,4,4.0,0.05,True,0,0.701,3.0,1.5,0,0
septic,off,6,5,4.0,0.05,True,0,0.701,3.0,1.5,0,0
septic,off,7,0,4.0,0.05,True,0,0.701,3.0,1.5,0,0
septic,off,7,1,4.0,0.05,True,0,0.701,3.0,1.5,0,0
septic,off,7,2,4.0,0.05,True,1,-0.265,3.0,1.5,0,0
septic,off,7,3,4.0,0.05,True,1,-0.244,3.0,1.5,0,0
septic,off,7,4,4.0,0.05,True,1,-0.254,3.0,1.5,0,0
septic,off,7,5,4.0,0.05,True,0,0.701,3.0,1.5,0,0
septic,off,8,0,4.0,0.05,True,0,0.623,3.0,1.5,0,0
septic,off,8,1,4.0,0.05,True,0,0.365,3.0,1.5,0,0
septic,off,8,2,4.0,0.05,True,0,0.701,3.0,1.5,0,0
septic,off,8,3,4.0,0.05,True,1,-0.264,3.0,1.5,0,0
septic,off,8,4,4.0,0.05,True,0,0.701,3.0,1.5,0,0
septic,off,8,5,4.0,0.05,True,0,0.701,3.0,1.5,0,0
septic,off,9,0,4.0,0.05,True,0,0.698,3.0,1.5,0,0
septic,off,9,1,4.0,0.05,True,0,1.632,3.0,1.5,0,0
septic,off,9,2,4.0,0.05,True,0,0.532,3.0,1.5,0,0
septic,off,9,3,4.0,0.05,True,1,-0.079,3.0,1.5,0,0
septic,off,9,4,4.0,0.05,True,0,0.701,3.0,1.5,0,0
septic,off,9,5,4.0,0.05,True,0,0.63,3.0,1.5,0,0
septic,off,10,0,4.0,0.05,True,1,-0.264,3.0,1.5,0,0
septic,off,10,1,4.0,0.05,True,0,0.701,3.0,1.5,0,0
septic,off,10,2,4.0,0.05,True,0,0.283,3.0,1.5,0,0
septic,off,10,3,4.0,0.05,True,0,0.701,3.0,1.5,0,0
septic,off,10,4,4.0,0.05,True,0,0.272,3.0,1.5,0,0
septic,off,10,5,4.0,0.05,True,0,0.557,3.0,1.5,0,0
septic,off,11,0,4.0,0.05,True,0,1.63,3.0,1.5,0,0
septic,off,11,1,4.0,0.05,True,0,0.701,3.0,1.5,0,0
septic,off,11,2,4.0,0.05,True,0,0.449,3.0,1.5,0,0
septic,off,11,3,4.0,0.05,True,0,0.701,3.0,1.5,0,0
septic,off,11,4,4.0,0.05,True,0,0.663,3.0,1.5,0,0
septic,off,11,5,4.0,0.05,True,0,0.568,3.0,1.5,0,0
septic,off,12,0,4.0,0.05,True,0,0.785,3.0,1.5,0,0
septic,off,12,1,4.0,0.05,True,0,0.701,3.0,1.5,0,0
septic,off,12,2,4.0,0.05,True,0,0.701,3.0,1.5,0,0
septic,off,12,3,4.0,0.05,True,1,-0.081,3.0,1.5,0,0
septic,off,12,4,4.0,0.05,True,0,0.193,3.0,1.5,0,0
septic,off,12,5,4.0,0.05,True,1,-0.249,3.0,1.5,0,0
septic,off,13,0,4.0,0.05,True,1,-0.485,3.0,1.5,0,0
septic,off,13,1,4.0,0.05,True,0,0.678,3.0,1.5,0,0
septic,off,13,2,4.0,0.05,True,0,0.682,3.0,1.5,0,0
septic,off,13,3,4.0,0.05,True,0,0.7,3.0,1.5,0,0
septic,off,13,4,4.0,0.05,True,1,-0.25,3.0,1.5,0,0
septic,off,13,5,4.0,0.05,True,1,-0.262,3.0,1.5,0,0
septic,off,14,0,4.0,0.05,True,0,0.701,3.0,1.5,0,0
septic,off,14,1,4.0,0.05,True,0,0.701,3.0,1.5,0,0
septic,off,14,2,4.0,0.05,True,1,-0.007,3.0,1.5,0,0
septic,off,14,3,4.0,0.05,True,0,0.701,3.0,1.5,0,0
septic,off,14,4,4.0,0.05,True,0,0.697,3.0,1.5,0,0
septic,off,14,5,4.0,0.05,True,0,0.701,3.0,1.5,0,0
septic,off,15,0,4.0,0.05,True,0,0.7,3.0,1.5,0,0
septic,off,15,1,4.0,0.05,True,0,0.701,3.0,1.5,0,0
septic,off,15,2,4.0,0.05,True,0,0.701,3.0,1.5,0,0
septic,off,15,3,4.0,0.05,True,0,0.145,3.0,1.5,0,0
septic,off,15,4,4.0,0.05,True,1,-0.189,3.0,1.5,0,0
septic,off,15,5,4.0,0.05,True,0,0.7,3.0,1.5,0,0
septic,off,16,0,4.0,0.05,True,0,0.701,3.0,1.5,0,0
septic,off,16,1,4.0,0.05,True,1,-0.253,3.0,1.5,0,0
septic,off,16,2,4.0,0.05,True,0,0.701,3.0,1.5,0,0
septic,off,16,3,4.0,0.05,True,0,0.701,3.0,1.5,0,0
septic,off,16,4,4.0,0.05,True,0,0.701,3.0,1.5,0,0
septic,off,16,5,4.0,0.05,True,0,0.676,3.0,1.5,0,0
septic,off,17,0,4.0,0.05,True,0,0.701,3.0,1.5,0,0
septic,off,17,1,4.0,0.05,True,0,0.701,3.0,1.5,0,0
septic,off,17,2,4.0,0.05,True,1,-0.012,3.0,1.5,0,0
septic,off,17,3,4.0,0.05,True,0,0.697,3.0,1.5,0,0
septic,off,17,4,4.0,0.05,True,0,1.006,3.0,1.5,0,0
septic,off,17,5,4.0,0.05,True,0,0.685,3.0,1.5,0,0
septic,off,18,0,4.0,0.05,True,0,0.701,3.0,1.5,0,0
septic,off,18,1,4.0,0.05,True,0,0.324,3.0,1.5,0,0
septic,off,18,2,4.0,0.05,True,0,0.312,3.0,1.5,0,0
septic,off,18,3,4.0,0.05,True,0,0.701,3.0,1.5,0,0
septic,off,18,4,4.0,0.05,True,0,0.7,3.0,1.5,0,0
septic,off,18,5,4.0,0.05,True,0,0.701,3.0,1.5,0,0
septic,off,19,0,4.0,0.05,True,0,4.86,3.0,1.5,0,0
septic,off,19,1,4.0,0.05,True,0,1.658,3.0,1.5,0,0
septic,off,19,2,4.0,0.05,True,0,0.596,3.0,1.5,0,0
septic,off,19,3,4.0,0.05,True,0,0.698,3.0,1.5,0,0
septic,off,19,4,4.0,0.05,True,0,0.286,3.0,1.5,0,0
septic,off,19,5,4.0,0.05,True,0,0.509,3.0,1.5,0,0
septic,on,0,0,2.0,0.05,False,0,2.245,16.5,387.98,0,0
septic,on,0,1,2.0,0.05,False,0,2.843,16.2,440.79,0,0
septic,on,0,2,2.0,0.05,False,0,1.935,16.5,387.46,0,0
septic,on,0,3,2.0,0.05,False,0,1.655,14.4,529.83,0,0
septic,on,0,4,2.0,0.05,True,0,1.424,6.9,1.5,0,0
septic,on,0,5,2.0,0.05,False,0,1.601,16.5,385.19,0,0
septic,on,1,0,2.0,0.05,False,0,2.014,16.5,387.98,0,0
septic,on,1,1,2.0,0.05,False,0,1.744,16.5,387.46,0,0
septic,on,1,2,2.0,0.05,False,0,2.245,16.5,387.98,0,0
septic,on,1,3,2.0,0.05,False,0,2.009,16.5,385.19,0,0
septic,on,1,4,2.0,0.05,False,0,1.633,16.5,385.19,0,0
septic,on,1,5,2.0,0.05,False,0,2.634,16.5,387.98,0,0
septic,on,2,0,2.0,0.05,False,0,2.04,16.5,387.98,0,0
septic,on,2,1,2.0,0.05,False,0,2.22,16.5,387.98,0,0
septic,on,2,2,2.0,0.05,True,0,1.61,9.6,54.72,0,0
septic,on,2,3,2.0,0.05,False,0,2.286,15.0,13.37,0,0
septic,on,2,4,2.0,0.05,False,0,2.241,16.5,387.98,0,0
septic,on,2,5,2.0,0.05,False,0,2.273,16.5,387.98,0,0
septic,on,3,0,2.0,0.05,False,0,2.126,16.5,387.98,0,0
septic,on,3,1,2.0,0.05,False,0,2.725,15.9,477.71,0,0
septic,on,3,2,2.0,0.05,False,0,2.245,16.5,387.98,0,0
septic,on,3,3,2.0,0.05,False,0,2.058,16.5,387.98,0,0
septic,on,3,4,2.0,0.05,False,0,2.256,16.5,387.98,0,0
septic,on,3,5,2.0,0.05,False,0,2.245,16.5,387.98,0,0
septic,on,4,0,2.0,0.05,True,0,1.436,6.9,1.5,0,0
septic,on,4,1,2.0,0.05,False,0,2.328,16.5,387.98,0,0
septic,on,4,2,2.0,0.05,True,0,1.493,6.9,1.5,0,0
septic,on,4,3,2.0,0.05,False,0,2.222,16.5,387.98,0,0
septic,on,4,4,2.0,0.05,False,0,2.127,16.5,387.98,0,0
septic,on,4,5,2.0,0.05,False,0,2.001,16.5,385.19,0,0
septic,on,5,0,2.0,0.05,False,0,1.455,16.5,387.98,0,0
septic,on,5,1,2.0,0.05,False,0,2.245,16.5,387.98,0,0
septic,on,5,2,2.0,0.05,True,0,1.397,6.9,1.5,0,0
septic,on,5,3,2.0,0.05,False,0,2.002,16.5,387.98,0,0
septic,on,5,4,2.0,0.05,False,0,2.245,16.5,387.98,0,0
septic,on,5,5,2.0,0.05,False,0,2.242,16.5,387.98,0,0
septic,on,6,0,2.0,0.05,False,0,2.245,16.5,387.98,0,0
septic,on,6,1,2.0,0.05,True,0,1.431,6.9,1.5,0,0
septic,on,6,2,2.0,0.05,False,0,2.18,16.5,387.98,0,0
septic,on,6,3,2.0,0.05,False,0,2.245,16.5,387.98,0,0
septic,on,6,4,2.0,0.05,False,0,2.245,16.5,387.98,0,0
septic,on,6,5,2.0,0.05,False,0,2.245,16.5,387.98,0,0
septic,on,7,0,2.0,0.05,False,0,2.245,16.5,387.98,0,0
septic,on,7,1,2.0,0.05,False,0,2.245,16.5,387.98,0,0
septic,on,7,2,2.0,0.05,False,0,2.841,16.2,440.79,0,0
septic,on,7,3,2.0,0.05,False,0,1.53,16.2,440.79,0,0
septic,on,7,4,2.0,0.05,False,0,1.994,16.5,387.98,0,0
septic,on,7,5,2.0,0.05,False,0,2.245,16.5,387.98,0,0
septic,on,8,0,2.0,0.05,False,0,2.81,16.2,440.79,0,0
septic,on,8,1,2.0,0.05,False,0,1.893,14.4,529.83,0,0
septic,on,8,2,2.0,0.05,True,0,1.437,6.9,1.5,0,0
septic,on,8,3,2.0,0.05,False,0,1.995,16.5,387.98,0,0
septic,on,8,4,2.0,0.05,False,0,2.245,16.5,387.98,0,0
septic,on,8,5,2.0,0.05,False,0,2.245,16.5,387.98,0,0
septic,on,9,0,2.0,0.05,False,0,2.243,16.5,387.98,0,0
septic,on,9,1,2.0,0.05,False,0,2.469,14.1,13.58,0,0
septic,on,9,2,2.0,0.05,False,0,2.277,16.5,387.98,0,0
septic,on,9,3,2.0,0.05,False,0,1.871,15.6,502.75,0,0
septic,on,9,4,2.0,0.05,False,0,2.246,16.5,387.98,0,0
septic,on,9,5,2.0,0.05,False,0,2.049,16.2,438.38,0,0
septic,on,10,0,2.0,0.05,False,0,2.841,16.2,440.79,0,0
septic,on,10,1,2.0,0.05,False,0,2.245,16.5,387.98,0,0
septic,on,10,2,2.0,0.05,False,0,2.236,16.5,387.98,0,0
septic,on,10,3,2.0,0.05,False,0,2.245,16.5,387.98,0,0
septic,on,10,4,2.0,0.05,False,0,2.545,16.5,387.98,0,0
septic,on,10,5,2.0,0.05,True,0,1.437,6.9,1.5,0,0
septic,on,11,0,2.0,0.05,False,0,2.56,16.2,10.83,0,0
septic,on,11,1,2.0,0.05,False,0,2.239,16.5,387.98,0,0
septic,on,11,2,2.0,0.05,False,0,2.069,16.5,387.98,0,0
septic,on,11,3,2.0,0.05,False,0,2.245,16.5,387.98,0,0
septic,on,11,4,2.0,0.05,False,0,2.231,16.5,387.98,0,0
septic,on,11,5,2.0,0.05,False,0,2.298,16.5,387.98,0,0
septic,on,12,0,2.0,0.05,False,0,3.98,16.8,8.69,0,0
septic,on,12,1,2.0,0.05,False,0,2.209,16.5,387.98,0,0
septic,on,12,2,2.0,0.05,False,0,2.245,16.5,387.98,0,0
septic,on,12,3,2.0,0.05,False,0,2.008,16.5,387.46,0,0
septic,on,12,4,2.0,0.05,False,0,1.336,15.0,205.08,0,0
septic,on,12,5,2.0,0.05,False,0,1.995,16.5,387.98,0,0
septic,on,13,0,2.0,0.05,False,0,2.534,17.4,67.76,0,0
septic,on,13,1,2.0,0.05,False,0,2.234,16.5,387.98,0,0
septic,on,13,2,2.0,0.05,False,0,1.914,15.6,502.75,0,0
septic,on,13,3,2.0,0.05,False,0,2.245,16.5,387.98,0,0
septic,on,13,4,2.0,0.05,False,0,1.998,16.5,387.46,0,0
septic,on,13,5,2.0,0.05,False,0,2.009,16.5,385.19,0,0
septic,on,14,0,2.0,0.05,False,0,2.245,16.5,387.98,0,0
septic,on,14,1,2.0,0.05,True,0,1.437,6.9,1.5,0,0
septic,on,14,2,2.0,0.05,False,0,1.591,24.9,156.65,0,0
septic,on,14,3,2.0,0.05,False,0,2.263,16.5,387.98,0,0
septic,on,14,4,2.0,0.05,False,0,2.243,16.5,387.98,0,0
septic,on,14,5,2.0,0.05,True,0,1.437,6.9,1.5,0,0
septic,on,15,0,2.0,0.05,False,0,2.245,16.5,387.98,0,0
septic,on,15,1,2.0,0.05,False,0,2.245,16.5,387.98,0,0
septic,on,15,2,2.0,0.05,True,0,1.515,6.9,1.5,0,0
septic,on,15,3,2.0,0.05,False,0,1.699,16.5,385.19,0,0
septic,on,15,4,2.0,0.05,True,0,1.338,9.9,101.17,0,0
septic,on,15,5,2.0,0.05,False,0,1.8,16.5,385.19,0,0
septic,on,16,0,2.0,0.05,False,0,2.245,16.5,387.98,0,0
septic,on,16,1,2.0,0.05,False,0,1.612,15.9,478.32,0,0
septic,on,16,2,2.0,0.05,False,0,2.245,16.5,387.98,0,0
septic,on,16,3,2.0,0.05,False,0,2.245,16.5,387.98,0,0
septic,on,16,4,2.0,0.05,False,0,2.105,16.5,387.98,0,0
septic,on,16,5,2.0,0.05,False,0,2.207,16.5,387.98,0,0
septic,on,17,0,2.0,0.05,False,0,2.245,16.5,387.98,0,0
septic,on,17,1,2.0,0.05,False,0,2.067,16.5,387.98,0,0
septic,on,17,2,2.0,0.05,False,0,2.075,16.5,387.98,0,0
septic,on,17,3,2.0,0.05,False,0,2.242,16.5,387.98,0,0
septic,on,17,4,2.0,0.05,True,0,1.061,8.7,85.11,0,0
septic,on,17,5,2.0,0.05,False,0,2.213,16.5,387.98,0,0
septic,on,18,0,2.0,0.05,False,0,2.245,16.5,387.98,0,0
septic,on,18,1,2.0,0.05,True,0,1.195,8.7,85.11,0,0
septic,on,18,2,2.0,0.05,True,0,0.895,8.7,85.11,0,0
septic,on,18,3,2.0,0.05,False,0,2.245,16.5,387.98,0,0
septic,on,18,4,2.0,0.05,False,0,2.245,16.5,387.98,0,0
septic,on,18,5,2.0,0.05,False,0,2.245,16.5,387.98,0,0
septic,on,19,0,2.0,0.05,False,0,4.629,15.3,518.69,0,0
septic,on,19,1,2.0,0.05,False,0,3.282,17.1,209.28,0,0
septic,on,19,2,2.0,0.05,False,0,2.216,16.5,387.98,0,0
septic,on,19,3,2.0,0.05,False,0,2.244,16.5,387.98,0,0
septic,on,19,4,2.0,0.05,False,0,1.6,16.5,387.46,0,0
septic,on,19,5,2.0,0.05,False,0,1.844,16.5,387.98,0,0
septic,on,0,0,3.0,0.05,True,0,3.364,10.8,8.25,0,0
septic,on,0,1,3.0,0.05,False,0,1.311,14.7,269.5,0,0
septic,on,0,2,3.0,0.05,True,0,3.045,10.8,8.25,0,0
septic,on,0,3,3.0,0.05,True,0,2.371,10.8,8.25,0,0
septic,on,0,4,3.0,0.05,True,0,1.184,10.8,8.25,0,0
septic,on,0,5,3.0,0.05,True,0,2.537,10.8,8.25,0,0
septic,on,1,0,3.0,0.05,True,0,1.105,10.8,8.25,0,0
septic,on,1,1,3.0,0.05,True,0,0.083,10.8,8.25,0,0
septic,on,1,2,3.0,0.05,True,0,3.339,10.8,8.25,0,0
septic,on,1,3,3.0,0.05,True,0,0.351,10.8,8.25,0,0
septic,on,1,4,3.0,0.05,True,0,0.883,10.8,8.25,0,0
septic,on,1,5,3.0,0.05,True,0,3.59,10.8,8.25,0,0
septic,on,2,0,3.0,0.05,True,0,0.602,10.8,8.25,0,0
septic,on,2,1,3.0,0.05,True,0,2.645,10.8,8.25,0,0
septic,on,2,2,3.0,0.05,True,0,1.479,7.2,3.16,0,0
septic,on,2,3,3.0,0.05,True,0,3.868,19.5,9.09,0,0
septic,on,2,4,3.0,0.05,True,0,3.338,10.8,8.25,0,0
septic,on,2,5,3.0,0.05,True,0,1.446,4.5,1.5,0,0
septic,on,3,0,3.0,0.05,True,0,3.252,10.8,8.25,0,0
septic,on,3,1,3.0,0.05,False,0,1.603,23.1,37.84,0,0
septic,on,3,2,3.0,0.05,True,0,3.339,10.8,8.25,0,0
septic,on,3,3,3.0,0.05,True,0,2.606,10.8,8.25,0,0
septic,on,3,4,3.0,0.05,True,0,0.982,10.8,8.25,0,0
septic,on,3,5,3.0,0.05,True,0,3.083,10.8,8.25,0,0
septic,on,4,0,3.0,0.05,True,0,1.829,10.8,8.25,0,0
septic,on,4,1,3.0,0.05,True,0,1.352,10.8,8.25,0,0
septic,on,4,2,3.0,0.05,True,0,3.339,10.8,8.25,0,0
septic,on,4,3,3.0,0.05,True,0,1.509,10.8,8.25,0,0
septic,on,4,4,3.0,0.05,True,0,0.734,10.8,8.25,0,0
septic,on,4,5,3.0,0.05,True,0,0.871,10.8,8.25,0,0
septic,on,5,0,3.0,0.05,True,0,0.552,14.1,8.25,0,0
septic,on,5,1,3.0,0.05,True,0,3.043,10.8,8.25,0,0
septic,on,5,2,3.0,0.05,True,0,1.337,10.8,8.25,0,0
septic,on,5,3,3.0,0.05,True,0,1.237,4.5,1.5,0,0
septic,on,5,4,3.0,0.05,True,0,3.339,10.8,8.25,0,0
septic,on,5,5,3.0,0.05,False,0,1.478,24.6,522.75,0,0
septic,on,6,0,3.0,0.05,True,0,3.339,10.8,8.25,0,0
septic,on,6,1,3.0,0.05,True,0,0.442,10.8,8.25,0,0
septic,on,6,2,3.0,0.05,True,0,2.747,10.8,8.25,0,0
septic,on,6,3,3.0,0.05,True,0,0.278,10.8,8.25,0,0
septic,on,6,4,3.0,0.05,True,0,3.339,10.8,8.25,0,0
septic,on,6,5,3.0,0.05,True,0,3.339,10.8,8.25,0,0
septic,on,7,0,3.0,0.05,True,0,0.979,18.3,8.25,0,0
septic,on,7,1,3.0,0.05,True,0,1.288,11.1,8.25,0,0
septic,on,7,2,3.0,0.05,True,0,0.345,10.8,8.25,0,0
septic,on,7,3,3.0,0.05,True,0,1.528,11.1,8.25,0,0
septic,on,7,4,3.0,0.05,True,0,1.507,10.8,8.25,0,0
septic,on,7,5,3.0,0.05,True,0,2.968,10.8,8.25,0,0
septic,on,8,0,3.0,0.05,True,0,1.055,10.8,8.25,0,0
septic,on,8,1,3.0,0.05,True,0,1.413,10.8,10.11,0,0
septic,on,8,2,3.0,0.05,True,0,0.965,10.8,8.25,0,0
septic,on,8,3,3.0,0.05,True,0,0.351,10.8,8.25,0,0
septic,on,8,4,3.0,0.05,False,0,1.391,14.7,269.5,0,0
septic,on,8,5,3.0,0.05,True,0,3.339,10.8,8.25,0,0
septic,on,9,0,3.0,0.05,True,0,3.339,10.8,8.25,0,0
septic,on,9,1,3.0,0.05,True,0,4.781,7.5,8.21,0,0
septic,on,9,2,3.0,0.05,True,0,0.577,10.8,8.25,0,0
septic,on,9,3,3.0,0.05,True,0,0.743,14.7,9.11,0,0
septic,on,9,4,3.0,0.05,True,0,0.759,11.1,8.25,0,0
septic,on,9,5,3.0,0.05,False,0,1.607,14.7,269.6,0,0
septic,on,10,0,3.0,0.05,False,0,2.36,23.1,36.83,0,0
septic,on,10,1,3.0,0.05,True,0,3.339,10.8,8.25,0,0
septic,on,10,2,3.0,0.05,True,0,3.355,10.8,8.25,0,0
septic,on,10,3,3.0,0.05,True,0,2.077,10.8,7.23,0,0
septic,on,10,4,3.0,0.05,True,0,2.056,10.8,7.23,0,0
septic,on,10,5,3.0,0.05,True,0,0.853,14.4,9.74,0,0
septic,on,11,0,3.0,0.05,True,0,3.194,10.5,6.73,0,0
septic,on,11,1,3.0,0.05,True,0,2.858,10.8,8.25,0,0
septic,on,11,2,3.0,0.05,True,0,3.632,10.8,8.25,0,0
septic,on,11,3,3.0,0.05,True,0,0.033,10.8,8.25,0,0
septic,on,11,4,3.0,0.05,True,0,3.335,10.8,8.25,0,0
septic,on,11,5,3.0,0.05,True,0,2.337,10.8,8.25,0,0
septic,on,12,0,3.0,0.05,True,0,5.487,10.5,6.73,0,0
septic,on,12,1,3.0,0.05,True,0,0.25,10.8,8.25,0,0
septic,on,12,2,3.0,0.05,True,0,2.308,10.8,8.25,0,0
septic,on,12,3,3.0,0.05,True,0,0.53,10.8,8.25,0,0
septic,on,12,4,3.0,0.05,True,0,1.875,10.5,7.87,0,0
septic,on,12,5,3.0,0.05,True,0,0.374,10.8,8.25,0,0
septic,on,13,0,3.0,0.05,False,0,0.293,14.4,9.12,0,0
septic,on,13,1,3.0,0.05,True,0,0.378,14.7,11.53,0,0
septic,on,13,2,3.0,0.05,False,0,1.897,23.1,36.83,0,0
septic,on,13,3,3.0,0.05,True,0,0.128,17.7,8.25,0,0
septic,on,13,4,3.0,0.05,True,0,0.374,10.8,8.25,0,0
septic,on,13,5,3.0,0.05,True,0,0.347,10.8,8.25,0,0
septic,on,14,0,3.0,0.05,True,0,0.968,11.4,7.23,0,0
septic,on,14,1,3.0,0.05,True,0,2.372,10.8,8.25,0,0
septic,on,14,2,3.0,0.05,True,0,4.322,11.1,7.4,0,0
septic,on,14,3,3.0,0.05,True,0,3.339,10.8,8.25,0,0
septic,on,14,4,3.0,0.05,True,0,3.339,10.8,8.25,0,0
septic,on,14,5,3.0,0.05,False,0,1.492,14.7,406.53,0,0
septic,on,15,0,3.0,0.05,True,0,3.339,10.8,8.25,0,0
septic,on,15,1,3.0,0.05,True,0,2.43,10.8,8.25,0,0
septic,on,15,2,3.0,0.05,True,0,2.971,10.8,8.25,0,0
septic,on,15,3,3.0,0.05,True,0,1.732,10.8,8.25,0,0
septic,on,15,4,3.0,0.05,True,0,1.331,6.6,16.53,0,0
septic,on,15,5,3.0,0.05,True,0,0.386,14.7,8.24,0,0
septic,on,16,0,3.0,0.05,True,0,1.135,10.5,7.23,0,0
septic,on,16,1,3.0,0.05,True,0,0.699,11.7,9.12,0,0
septic,on,16,2,3.0,0.05,True,0,0.814,10.8,8.25,0,0
septic,on,16,3,3.0,0.05,True,0,1.323,10.8,8.25,0,0
septic,on,16,4,3.0,0.05,True,0,1.303,10.8,7.23,0,0
septic,on,16,5,3.0,0.05,True,0,2.102,10.8,7.23,0,0
septic,on,17,0,3.0,0.05,True,0,3.339,10.8,8.25,0,0
septic,on,17,1,3.0,0.05,True,0,2.756,10.8,8.25,0,0
septic,on,17,2,3.0,0.05,True,0,2.746,10.8,8.25,0,0
septic,on,17,3,3.0,0.05,False,0,1.155,14.7,269.5,0,0
septic,on,17,4,3.0,0.05,True,0,1.061,5.7,15.26,0,0
septic,on,17,5,3.0,0.05,True,0,2.924,10.8,8.25,0,0
septic,on,18,0,3.0,0.05,True,0,3.23,10.8,8.25,0,0
septic,on,18,1,3.0,0.05,True,0,1.195,5.7,15.26,0,0
septic,on,18,2,3.0,0.05,True,0,0.898,5.7,15.26,0,0
septic,on,18,3,3.0,0.05,True,0,3.339,10.8,8.25,0,0
septic,on,18,4,3.0,0.05,True,0,0.286,10.8,8.25,0,0
septic,on,18,5,3.0,0.05,True,0,3.339,10.8,8.25,0,0
septic,on,19,0,3.0,0.05,True,0,5.673,10.8,8.25,0,0
septic,on,19,1,3.0,0.05,True,0,0.959,11.1,8.25,0,0
septic,on,19,2,3.0,0.05,True,0,2.6,10.8,8.25,0,0
septic,on,19,3,3.0,0.05,True,0,3.339,10.8,8.25,0,0
septic,on,19,4,3.0,0.05,True,0,2.109,10.8,8.25,0,0
septic,on,19,5,3.0,0.05,True,0,2.316,10.8,9.74,0,0
septic,on,0,0,4.0,0.05,True,0,1.465,3.3,1.5,0,0
septic,on,0,1,4.0,0.05,True,0,1.274,3.6,1.5,0,0
septic,on,0,2,4.0,0.05,True,0,1.188,3.6,1.5,0,0
septic,on,0,3,4.0,0.05,True,0,1.664,3.3,1.5,0,0
septic,on,0,4,4.0,0.05,True,0,1.464,3.3,1.5,0,0
septic,on,0,5,4.0,0.05,True,0,1.482,3.3,1.5,0,0
septic,on,1,0,4.0,0.05,True,0,1.756,5.1,5.1,0,0
septic,on,1,1,4.0,0.05,True,0,1.418,3.6,1.5,0,0
septic,on,1,2,4.0,0.05,True,0,1.661,3.3,1.5,0,0
septic,on,1,3,4.0,0.05,True,0,1.568,3.6,1.5,0,0
septic,on,1,4,4.0,0.05,True,0,1.261,3.6,1.5,0,0
septic,on,1,5,4.0,0.05,True,0,1.357,3.6,1.5,0,0
septic,on,2,0,4.0,0.05,True,0,1.5,3.6,1.5,0,0
septic,on,2,1,4.0,0.05,True,0,1.585,4.8,5.09,0,0
septic,on,2,2,4.0,0.05,True,0,1.124,3.6,1.5,0,0
septic,on,2,3,4.0,0.05,True,0,1.631,3.9,2.79,0,0
septic,on,2,4,4.0,0.05,True,0,1.46,3.3,1.5,0,0
septic,on,2,5,4.0,0.05,True,0,1.377,3.6,1.5,0,0
septic,on,3,0,4.0,0.05,True,0,1.644,3.3,1.5,0,0
septic,on,3,1,4.0,0.05,True,0,1.71,3.6,1.5,0,0
septic,on,3,2,4.0,0.05,True,0,1.664,3.3,1.5,0,0
septic,on,3,3,4.0,0.05,True,0,1.595,4.8,5.09,0,0
septic,on,3,4,4.0,0.05,True,0,1.104,3.3,1.5,0,0
septic,on,3,5,4.0,0.05,True,0,1.291,5.4,5.14,0,0
septic,on,4,0,4.0,0.05,True,0,1.663,3.3,1.5,0,0
septic,on,4,1,4.0,0.05,True,0,1.612,3.3,1.5,0,0
septic,on,4,2,4.0,0.05,True,0,1.464,3.3,1.5,0,0
septic,on,4,3,4.0,0.05,True,0,1.177,3.3,1.5,0,0
septic,on,4,4,4.0,0.05,True,0,1.664,3.3,1.5,0,0
septic,on,4,5,4.0,0.05,True,0,1.496,3.6,1.5,0,0
septic,on,5,0,4.0,0.05,True,0,1.464,3.3,1.5,0,0
septic,on,5,1,4.0,0.05,True,0,1.664,3.3,1.5,0,0
septic,on,5,2,4.0,0.05,True,0,1.464,3.3,1.5,0,0
septic,on,5,3,4.0,0.05,True,0,1.554,3.6,1.5,0,0
septic,on,5,4,4.0,0.05,True,0,1.664,3.3,1.5,0,0
septic,on,5,5,4.0,0.05,True,0,1.663,3.3,1.5,0,0
septic,on,6,0,4.0,0.05,True,0,1.464,3.3,1.5,0,0
septic,on,6,1,4.0,0.05,True,0,1.457,3.3,1.5,0,0
septic,on,6,2,4.0,0.05,True,0,1.104,3.3,1.5,0,0
septic,on,6,3,4.0,0.05,True,0,1.464,3.3,1.5,0,0
septic,on,6,4,4.0,0.05,True,0,1.464,3.3,1.5,0,0
septic,on,6,5,4.0,0.05,True,0,1.664,3.3,1.5,0,0
septic,on,7,0,4.0,0.05,True,0,1.181,3.3,1.5,0,0
septic,on,7,1,4.0,0.05,True,0,1.664,3.3,1.5,0,0
septic,on,7,2,4.0,0.05,True,0,1.263,3.6,1.5,0,0
septic,on,7,3,4.0,0.05,True,0,0.917,3.3,1.5,0,0
septic,on,7,4,4.0,0.05,True,0,1.21,3.6,1.5,0,0
septic,on,7,5,4.0,0.05,True,0,1.139,3.3,1.5,0,0
septic,on,8,0,4.0,0.05,True,0,1.37,3.3,1.5,0,0
septic,on,8,1,4.0,0.05,True,0,1.748,3.6,1.5,0,0
septic,on,8,2,4.0,0.05,True,0,1.139,3.3,1.5,0,0
septic,on,8,3,4.0,0.05,True,0,1.138,3.9,1.5,0,0
septic,on,8,4,4.0,0.05,True,0,1.104,3.3,1.5,0,0
septic,on,8,5,4.0,0.05,True,0,1.888,5.1,5.08,0,0
septic,on,9,0,4.0,0.05,True,0,1.461,3.3,1.5,0,0
septic,on,9,1,4.0,0.05,True,0,1.828,10.2,20.68,0,0
septic,on,9,2,4.0,0.05,True,0,1.272,3.3,1.5,0,0
septic,on,9,3,4.0,0.05,True,0,1.359,6.6,6.78,0,0
septic,on,9,4,4.0,0.05,True,0,1.664,3.3,1.5,0,0
septic,on,9,5,4.0,0.05,True,0,2.287,5.7,6.04,0,0
septic,on,10,0,4.0,0.05,True,0,1.56,3.6,1.5,0,0
septic,on,10,1,4.0,0.05,True,0,1.104,3.3,1.5,0,0
septic,on,10,2,4.0,0.05,True,0,1.242,3.3,1.5,0,0
septic,on,10,3,4.0,0.05,True,0,1.464,3.3,1.5,0,0
septic,on,10,4,4.0,0.05,True,0,1.233,3.3,1.5,0,0
septic,on,10,5,4.0,0.05,True,0,2.115,6.0,7.27,0,0
septic,on,11,0,4.0,0.05,True,0,5.774,5.7,5.01,0,0
septic,on,11,1,4.0,0.05,True,0,1.464,3.3,1.5,0,0
septic,on,11,2,4.0,0.05,True,0,1.258,3.3,1.5,0,0
septic,on,11,3,4.0,0.05,True,0,1.464,3.3,1.5,0,0
septic,on,11,4,4.0,0.05,True,0,1.356,5.7,6.02,0,0
septic,on,11,5,4.0,0.05,True,0,1.477,3.6,1.5,0,0
septic,on,12,0,4.0,0.05,True,0,0.972,6.3,3.04,0,0
septic,on,12,1,4.0,0.05,True,0,1.189,6.0,6.02,0,0
septic,on,12,2,4.0,0.05,True,0,1.406,5.7,6.02,0,0
septic,on,12,3,4.0,0.05,True,0,1.017,3.3,1.5,0,0
septic,on,12,4,4.0,0.05,True,0,2.238,8.4,6.13,0,0
septic,on,12,5,4.0,0.05,True,0,1.205,3.6,1.5,0,0
septic,on,13,0,4.0,0.05,True,0,2.511,5.7,6.02,0,0
septic,on,13,1,4.0,0.05,True,0,1.442,3.3,1.5,0,0
septic,on,13,2,4.0,0.05,True,0,1.645,3.3,1.5,0,0
septic,on,13,3,4.0,0.05,True,0,1.663,3.3,1.5,0,0
septic,on,13,4,4.0,0.05,True,0,1.812,5.7,6.02,0,0
septic,on,13,5,4.0,0.05,True,0,1.227,3.6,1.5,0,0
septic,on,14,0,4.0,0.05,True,0,1.398,3.3,1.5,0,0
septic,on,14,1,4.0,0.05,True,0,1.405,5.7,6.02,0,0
septic,on,14,2,4.0,0.05,True,0,3.839,10.2,9.48,0,0
septic,on,14,3,4.0,0.05,True,0,1.663,3.3,1.5,0,0
septic,on,14,4,4.0,0.05,True,0,1.46,3.3,1.5,0,0
septic,on,14,5,4.0,0.05,True,0,1.464,3.3,1.5,0,0
septic,on,15,0,4.0,0.05,True,0,1.785,6.0,6.02,0,0
septic,on,15,1,4.0,0.05,True,0,1.464,3.3,1.5,0,0
septic,on,15,2,4.0,0.05,True,0,1.466,3.3,1.5,0,0
septic,on,15,3,4.0,0.05,True,0,1.159,3.6,1.5,0,0
septic,on,15,4,4.0,0.05,True,0,1.321,5.4,7.75,0,0
septic,on,15,5,4.0,0.05,False,0,2.511,14.1,36.09,0,0
septic,on,16,0,4.0,0.05,True,0,1.241,3.3,1.5,0,0
septic,on,16,1,4.0,0.05,True,0,1.576,6.6,6.78,0,0
septic,on,16,2,4.0,0.05,False,0,3.281,14.1,36.09,0,0
septic,on,16,3,4.0,0.05,True,0,1.664,3.3,1.5,0,0
septic,on,16,4,4.0,0.05,True,0,1.868,3.3,1.5,0,0
septic,on,16,5,4.0,0.05,True,0,1.638,3.3,1.5,0,0
septic,on,17,0,4.0,0.05,True,0,1.464,3.3,1.5,0,0
septic,on,17,1,4.0,0.05,True,0,1.464,3.3,1.5,0,0
septic,on,17,2,4.0,0.05,True,0,1.306,3.6,1.5,0,0
septic,on,17,3,4.0,0.05,True,0,1.659,3.3,1.5,0,0
septic,on,17,4,4.0,0.05,True,0,1.062,4.8,7.47,0,0
septic,on,17,5,4.0,0.05,True,0,1.475,3.3,1.5,0,0
septic,on,18,0,4.0,0.05,True,0,1.464,3.3,1.5,0,0
septic,on,18,1,4.0,0.05,True,0,1.195,4.8,7.47,0,0
septic,on,18,2,4.0,0.05,True,0,0.906,4.8,7.47,0,0
septic,on,18,3,4.0,0.05,True,0,1.464,3.3,1.5,0,0
septic,on,18,4,4.0,0.05,True,0,1.607,4.8,5.09,0,0
septic,on,18,5,4.0,0.05,True,0,1.464,3.3,1.5,0,0
septic,on,19,0,4.0,0.05,True,0,4.86,3.0,1.5,0,0
septic,on,19,1,4.0,0.05,True,0,1.064,3.9,2.79,0,0
septic,on,19,2,4.0,0.05,True,0,1.245,3.3,1.5,0,0
septic,on,19,3,4.0,0.05,True,0,1.462,3.3,1.5,0,0
septic,on,19,4,4.0,0.05,True,0,1.37,3.9,1.5,0,0
septic,on,19,5,4.0,0.05,True,0,1.092,3.6,1.5,0,0
